LocationAreaID,Center_Camera_Name,Role,Camera_Name,Distance_From_Center,Camera_ID,Lat,Lon
Area-000,(租11401)泰圳路、泰圳路200巷口-5.往泰圳路222巷(車),Center (中心點),(租11401)泰圳路、泰圳路200巷口-5.往泰圳路222巷(車),0.0,2050225041,24.906033,121.112439
Area-000,(租11401)泰圳路、泰圳路200巷口-5.往泰圳路222巷(車),Member (成員),(租11401)泰圳路、泰圳路200巷口-4.往泰圳路200巷(車),29.24,2050225031,24.906291,121.112383
Area-000,(租11401)泰圳路、泰圳路200巷口-5.往泰圳路222巷(車),Member (成員),(租11401)泰圳路、泰圳路200巷口-3.往泰圳路190巷(車),93.8,2050225021,24.906846,121.112687
Area-000,(租11401)泰圳路、泰圳路200巷口-5.往泰圳路222巷(車),Member (成員),(租11401)泰圳路、泰圳路200巷口-2.往泰圳路177巷(車),92.0,2050225011,24.906736,121.11292
Area-001,(租11402)泰圳路、上湖一路口-2.往泰圳路684巷(車),Center (中心點),(租11402)泰圳路、上湖一路口-2.往泰圳路684巷(車),0.0,2050278011,24.903042,121.104763
Area-001,(租11402)泰圳路、上湖一路口-2.往泰圳路684巷(車),Member (成員),(租11402)泰圳路、上湖一路口-3.往三湖路(車),61.59,2050278021,24.903201,121.104178
Area-001,(租11402)泰圳路、上湖一路口-2.往泰圳路684巷(車),Member (成員),(租11402)泰圳路、上湖一路口-4.往泰圳路820巷(車),102.16,2050278031,24.902158,121.104487
Area-002,(租11402)龍安街、文中路(二)-4.往龍安街往國強一街(車),Center (中心點),(租11402)龍安街、文中路(二)-4.往龍安街往國強一街(車),0.0,2010770131,24.993426,121.278111
Area-002,(租11402)龍安街、文中路(二)-4.往龍安街往國強一街(車),Member (成員),(租11402)龍安街、文中路-4.往龍安街往國強一街(車),46.72,2010770031,24.993772,121.278374
Area-002,(租11402)龍安街、文中路(二)-4.往龍安街往國強一街(車),Member (成員),(租11402)龍安街、文中路-5.往國強十三街往國豐三街(車),51.64,2010770041,24.993782,121.27844
Area-002,(租11402)龍安街、文中路(二)-4.往龍安街往國強一街(車),Member (成員),(租11402)龍安街、文中路-2.往文中路外車道往國豐十街(車),62.35,2010770011,24.993978,121.27822
Area-002,(租11402)龍安街、文中路(二)-4.往龍安街往國強一街(車),Member (成員),(租11402)龍安街、文中路-3.往文中路內車道往國豐十街(車),66.62,2010770021,24.994016,121.278226
Area-002,(租11402)龍安街、文中路(二)-4.往龍安街往國強一街(車),Member (成員),(租11402)龍安街、文中路(二)-2.往文中路外車道往國豐十街(車),86.02,2010770111,24.99361,121.277282
Area-002,(租11402)龍安街、文中路(二)-4.往龍安街往國強一街(車),Member (成員),(租11402)龍安街、文中路(二)-3.往文中路內車道往國豐十街(車),88.88,2010770121,24.993603,121.277251
Area-002,(租11402)龍安街、文中路(二)-4.往龍安街往國強一街(車),Member (成員),(租11402)龍安街、文中路(二)-5.往國強十三街往國豐三街(車),50.44,2010770141,24.993026,121.277875
Area-003,(租11401)國強十一街與國豐八街口-4.往國強十一街往國豐七街(車),Center (中心點),(租11401)國強十一街與國豐八街口-4.往國強十一街往國豐七街(車),0.0,2010075031,24.991267,121.27588
Area-003,(租11401)國強十一街與國豐八街口-4.往國強十一街往國豐七街(車),Member (成員),(租11401)國強十一街與國豐八街口-5.往國豐八街(車),46.53,2010075041,24.991542000000003,121.275532
Area-003,(租11401)國強十一街與國豐八街口-4.往國強十一街往國豐七街(車),Member (成員),(租11401)國強十一街與國豐八街口-3.往國強十一街往國豐十街(車),56.05,2010075021,24.991079,121.275364
Area-004,(租11401)國強七街與國豐六街口-4.往國豐六街往國強八街(車),Center (中心點),(租11401)國強七街與國豐六街口-4.往國豐六街往國強八街(車),0.0,2010074031,24.988496,121.2783
Area-004,(租11401)國強七街與國豐六街口-4.往國豐六街往國強八街(車),Member (成員),(租11401)國強七街與國豐六街口-6.往國強七街往龍安街(車),29.24,2010074051,24.988292,121.278483
Area-004,(租11401)國強七街與國豐六街口-4.往國豐六街往國強八街(車),Member (成員),(租11401)國強七街與國豐六街口-7.往國豐六街往龍鳳三街(車),55.25,2010074061,24.988032,121.278496
Area-004,(租11401)國強七街與國豐六街口-4.往國豐六街往國強八街(車),Member (成員),(租11401)國強七街與國豐六街口-5.往國強七街往國強七街32巷(車),51.39,2010074041,24.988121,121.278002
Area-005,(租11402)泰圳路、上湖二路-3.往泰圳路820巷(車),Center (中心點),(租11402)泰圳路、上湖二路-3.往泰圳路820巷(車),0.0,2050915021,24.895914,121.091929
Area-005,(租11402)泰圳路、上湖二路-3.往泰圳路820巷(車),Member (成員),(租11402)泰圳路、上湖二路-4.往楊湖路二段719巷(車),41.39,2050915031,24.895929,121.091519
Area-005,(租11402)泰圳路、上湖二路-3.往泰圳路820巷(車),Member (成員),(租11402)泰圳路、上湖二路-2.往八德路三段135巷(車),47.58,2050915011,24.895593,121.091617
Area-006,(租11402)泰圳路、泰圳路1450巷口-3.往新竹(車),Center (中心點),(租11402)泰圳路、泰圳路1450巷口-3.往新竹(車),0.0,2050279021,24.895009,121.090044
Area-006,(租11402)泰圳路、泰圳路1450巷口-3.往新竹(車),Member (成員),(租11402)泰圳路、泰圳路1450巷口-2.往新竹(車),26.67,2050279011,24.894771,121.090011
Area-007,(租11401)中山路943巷1弄-4.往中山路943巷往中山路(車),Center (中心點),(租11401)中山路943巷1弄-4.往中山路943巷往中山路(車),0.0,2010046031,24.987052,121.282994
Area-008,(租11401)中華路與中華北街-3.往中華北街(車),Center (中心點),(租11401)中華路與中華北街-3.往中華北街(車),0.0,2080592021,24.982187,121.276573
Area-008,(租11401)中華路與中華北街-3.往中華北街(車),Member (成員),(租11401)中華路與中華北街-4.往中華北街(車),29.14,2080592031,24.982356,121.276352
Area-009,(租11401)高鐵南路十段、上湖二路口(二)-5.往上湖二路300巷(車),Center (中心點),(租11401)高鐵南路十段、上湖二路口(二)-5.往上湖二路300巷(車),0.0,2050227041,24.906585,121.086218
Area-009,(租11401)高鐵南路十段、上湖二路口(二)-5.往上湖二路300巷(車),Member (成員),(租11402)高鐵南路十段、上湖二路口(一)-2.高鐵南路十段往新竹內車道(車),62.91,2050284011,24.907078,121.085912
Area-009,(租11401)高鐵南路十段、上湖二路口(二)-5.往上湖二路300巷(車),Member (成員),(租11402)高鐵南路十段、上湖二路口(一)-3.高鐵南路十段往新竹外車道(車),65.33,2050284021,24.90709,121.085887
Area-009,(租11401)高鐵南路十段、上湖二路口(二)-5.往上湖二路300巷(車),Member (成員),(租11401)高鐵南路十段、上湖二路口(二)-3.高鐵南路十段往楊湖路三段外車道(車),84.96,2050227021,24.907347,121.08628
Area-009,(租11401)高鐵南路十段、上湖二路口(二)-5.往上湖二路300巷(車),Member (成員),(租11401)高鐵南路十段、上湖二路口(二)-2.高鐵南路十段往楊湖路三段內車道(車),86.79,2050227011,24.907363,121.086287
Area-009,(租11401)高鐵南路十段、上湖二路口(二)-5.往上湖二路300巷(車),Member (成員),(租11401)高鐵南路十段、上湖二路口(二)-4.往上湖三路421巷(車),84.93,2050227031,24.907246,121.08664
Area-009,(租11401)高鐵南路十段、上湖二路口(二)-5.往上湖二路300巷(車),Member (成員),(租11402)高鐵南路十段、上湖二路口(一)-4.往上湖二路90巷(車),115.22,2050284031,24.907574,121.085877
Area-009,(租11401)高鐵南路十段、上湖二路口(二)-5.往上湖二路300巷(車),Member (成員),(租11402)高鐵南路十段、上湖二路口(一)-5.往楊湖路三段875巷(車),141.94,2050284041,24.907437,121.08517
Area-010,(租11401)中華路與高城六街48巷口-4.往高城六街48巷(車),Center (中心點),(租11401)中華路與高城六街48巷口-4.往高城六街48巷(車),0.0,2080593031,24.979626,121.274303
Area-011,(租11401)中華路與高城六街48巷口-3.往龍祥街(車),Center (中心點),(租11401)中華路與高城六街48巷口-3.往龍祥街(車),0.0,2080593021,24.979301,121.271954
Area-012,(租11401)中山路與中山路1496巷-6.往中山路內車道(車),Center (中心點),(租11401)中山路與中山路1496巷-6.往中山路內車道(車),0.0,2010006051,24.976535,121.268199
Area-012,(租11401)中山路與中山路1496巷-6.往中山路內車道(車),Member (成員),(租11401)中山路與中山路1496巷-5.往中山路外車道(車),3.3,2010006041,24.976557,121.268177
Area-013,(租11401)雙龍街29巷與中山路1530巷口-4.往雙龍街29巷往中山街(車),Center (中心點),(租11401)雙龍街29巷與中山路1530巷口-4.往雙龍街29巷往中山街(車),0.0,2010039031,24.97812,121.265831
Area-013,(租11401)雙龍街29巷與中山路1530巷口-4.往雙龍街29巷往中山街(車),Member (成員),(租11401)雙龍街29巷與中山路1530巷口-3.往雙龍街29巷往雙龍街(車),168.61,2010039021,24.9796,121.266195
Area-014,(租11402)龍門街24號前十字路口-6.往龍門街往中壢成功路(車),Center (中心點),(租11402)龍門街24號前十字路口-6.往龍門街往中壢成功路(車),0.0,2010092051,24.977497,121.263497
Area-015,(租11401)龍山街186巷與中山路1562巷口-6.往中山路1562巷往龍門街(車),Center (中心點),(租11401)龍山街186巷與中山路1562巷口-6.往中山路1562巷往龍門街(車),0.0,2010038051,24.979683,121.26263
Area-015,(租11401)龍山街186巷與中山路1562巷口-6.往中山路1562巷往龍門街(車),Member (成員),(租11401)龍山街186巷與中山路1562巷口-5.往龍門街(車),86.86,2010038041,24.980464,121.262647
Area-015,(租11401)龍山街186巷與中山路1562巷口-6.往中山路1562巷往龍門街(車),Member (成員),(租11401)龍山街186巷與中山路1562巷口-4.往中山路1562巷往內定一街(車),196.71,2010038031,24.981445,121.262456
Area-016,(租11402)楊湖路三段846巷與富豐三路二段口-2.往富民街(車),Center (中心點),(租11402)楊湖路三段846巷與富豐三路二段口-2.往富民街(車),0.0,2051005011,24.917773,121.078161
Area-016,(租11402)楊湖路三段846巷與富豐三路二段口-2.往富民街(車),Member (成員),(租11402)楊湖路三段846巷與富豐三路二段口-3.往富豐二路(車),25.43,2051005021,24.917918,121.077966
Area-017,(租11402)龍山街與內定一街口-5.往龍門街(車),Center (中心點),(租11402)龍山街與內定一街口-5.往龍門街(車),0.0,2010091041,24.98389,121.260617
Area-017,(租11402)龍山街與內定一街口-5.往龍門街(車),Member (成員),(租11402)龍山街與內定一街口-3.往龍門街(車),63.83,2010091021,24.984459,121.260533
Area-018,(租11402)富豐二、富豐二259巷、260巷口-2.往楊湖路三段846巷(車),Center (中心點),(租11402)富豐二、富豐二259巷、260巷口-2.往楊湖路三段846巷(車),0.0,2051007011,24.925559,121.081408
Area-018,(租11402)富豐二、富豐二259巷、260巷口-2.往楊湖路三段846巷(車),Member (成員),(租11402)富豐二、富豐二259巷、260巷口-3.往富元街465巷(車),69.6,2051007021,24.925908,121.081981
Area-019,(租11401)中正路、成功路口-4.往中華街66巷(車),Center (中心點),(租11401)中正路、成功路口-4.往中華街66巷(車),0.0,2050202031,24.934619,121.082885
Area-019,(租11401)中正路、成功路口-4.往中華街66巷(車),Member (成員),(租11401)中正路、成功路口-3.往中華街(車),63.98,2050202021,24.935181,121.083021
Area-019,(租11401)中正路、成功路口-4.往中華街66巷(車),Member (成員),(租11401)中正路、成功路口-5.往成功路20巷(車),76.51,2050202041,24.934767,121.083626
Area-020,(租11401)民生街(桃109)、民生街505巷-3.往民生街375巷(車),Center (中心點),(租11401)民生街(桃109)、民生街505巷-3.往民生街375巷(車),0.0,2050208021,24.945331,121.087438
Area-020,(租11401)民生街(桃109)、民生街505巷-3.往民生街375巷(車),Member (成員),(租11401)民生街(桃109)、民生街505巷-2.往民生街505巷(車),81.94,2050208011,24.946018,121.087732
Area-020,(租11401)民生街(桃109)、民生街505巷-3.往民生街375巷(車),Member (成員),(租11401)民生街(桃109)、民生街505巷-4.往民有路二段(車),95.12,2050208031,24.946168,121.087243
Area-021,(租11401)中興路756巷口-2.往福林街(車),Center (中心點),(租11401)中興路756巷口-2.往福林街(車),0.0,2100706011,25.008645,121.249175
Area-021,(租11401)中興路756巷口-2.往福林街(車),Member (成員),(租11401)中興路756巷口-3.往福林街(車),7.36,2100706021,25.008626,121.249105
Area-021,(租11401)中興路756巷口-2.往福林街(車),Member (成員),(租11401)中興路756巷口-6.往大竹內車道(車),32.37,2100706051,25.008432,121.249394
Area-021,(租11401)中興路756巷口-2.往福林街(車),Member (成員),(租11401)中興路756巷口-7.往大竹外車道(車),33.11,2100706061,25.008423,121.249394
Area-021,(租11401)中興路756巷口-2.往福林街(車),Member (成員),(租11401)中興路756巷口-5.往中興路711巷(車),39.04,2100706041,25.008295,121.249206
Area-021,(租11401)中興路756巷口-2.往福林街(車),Member (成員),(租11401)中興路756巷口-4.往中興路711巷(車),73.78,2100706031,25.007982,121.249145
Area-021,(租11401)中興路756巷口-2.往福林街(車),Member (成員),(租11402)中興路與中興路667巷口-6.中興路往合圳北路自行車道(車),194.86,2100963051,25.008596,121.251108
Area-021,(租11401)中興路756巷口-2.往福林街(車),Member (成員),(租11402)中興路與中興路667巷口-4.往合圳北路(車),198.12,2100963031,25.008585,121.25114
Area-022,(租11402)中興路與中興路667巷口-5.往中興路711巷(車),Center (中心點),(租11402)中興路與中興路667巷口-5.往中興路711巷(車),0.0,2100963041,25.0084,121.251703
Area-022,(租11402)中興路與中興路667巷口-5.往中興路711巷(車),Member (成員),(租11402)中興路與中興路667巷口-3.往龍安街二段(車),29.39,2100963021,25.008618,121.251868
Area-022,(租11402)中興路與中興路667巷口-5.往中興路711巷(車),Member (成員),(租11402)中興路與中興路667巷口-7.中興路往龍安街二段自行車道(車),34.26,2100963061,25.00862,121.251941
Area-023,(租11402)龍林街與中興路585巷-2.往中興路(車),Center (中心點),(租11402)龍林街與中興路585巷-2.往中興路(車),0.0,2100755011,25.005162,121.255075
Area-023,(租11402)龍林街與中興路585巷-2.往中興路(車),Member (成員),(租11402)龍林街與中興路585巷-4.往龍安街二段(車),28.21,2100755031,25.00511,121.255349
Area-023,(租11402)龍林街與中興路585巷-2.往中興路(車),Member (成員),(租11402)龍林街與中興路585巷-5.往涵洞(車),33.92,2100755041,25.004864,121.255147
Area-023,(租11402)龍林街與中興路585巷-2.往中興路(車),Member (成員),(租11402)龍林街與中興路585巷-3.往中壢服務區(車),33.72,2100755021,25.004862,121.255026
Area-023,(租11402)龍林街與中興路585巷-2.往中興路(車),Member (成員),(租11401)龍林街與福興三街-4.往龍安街二段(車),101.14,2100715031,25.004319,121.255452
Area-023,(租11402)龍林街與中興路585巷-2.往中興路(車),Member (成員),(租11401)龍林街與福興三街-3.往中壢服務區(車),106.82,2100715021,25.004224,121.255304
Area-023,(租11402)龍林街與中興路585巷-2.往中興路(車),Member (成員),(租11401)龍林街與福興三街-2.往福興二街(車),158.61,2100715011,25.003799,121.255539
Area-024,(租11402)大興一街與興仁路口-4.往中興六街(車),Center (中心點),(租11402)大興一街與興仁路口-4.往中興六街(車),0.0,2100723031,25.01411,121.262003
Area-024,(租11402)大興一街與興仁路口-4.往中興六街(車),Member (成員),(租11402)大興一街與興仁路口-3.往大興二街(車),40.73,2100723021,25.014476,121.262019
Area-024,(租11402)大興一街與興仁路口-4.往中興六街(車),Member (成員),(租11402)大興一街與興仁路口-2.往大興八街(車),52.61,2100723011,25.014441,121.262376
Area-025,(租11402)廣福路1357巷206弄口-4.往廣福路1357巷280弄往永豐南路31巷(車),Center (中心點),(租11402)廣福路1357巷206弄口-4.往廣福路1357巷280弄往永豐南路31巷(車),0.0,2080650031,24.953865,121.271883
Area-025,(租11402)廣福路1357巷206弄口-4.往廣福路1357巷280弄往永豐南路31巷(車),Member (成員),(租11402)廣福路1357巷206弄口-2.往廣福路1357巷往廣福路(車),59.83,2080650011,24.95408,121.271339
Area-025,(租11402)廣福路1357巷206弄口-4.往廣福路1357巷280弄往永豐南路31巷(車),Member (成員),(租11402)廣福路1357巷206弄口-3.往廣福路1357巷206弄往永豐南路31巷(車),62.95,2080650021,24.953303,121.271808
Area-026,(租11401)上興路、興中街-4.往大興八街(車),Center (中心點),(租11401)上興路、興中街-4.往大興八街(車),0.0,2100803031,25.018569,121.259453
Area-026,(租11401)上興路、興中街-4.往大興八街(車),Member (成員),(租11401)上興路、興中街-3.往興仁路(車),34.72,2100803021,25.018846,121.259612
Area-026,(租11401)上興路、興中街-4.往大興八街(車),Member (成員),(租11401)上興路、興中街-2.往大福路(車),56.5,2100803011,25.019076,121.25949
Area-026,(租11401)上興路、興中街-4.往大興八街(車),Member (成員),(租11401)大新一街與上興路口-2.豪登一街往大福路(車),128.23,2100803111,25.019061,121.258302
Area-026,(租11401)上興路、興中街-4.往大興八街(車),Member (成員),(租11401)大新一街與上興路口-3.豪登一街往大興八街(車),118.05,2100803121,25.018802,121.25831
Area-026,(租11401)上興路、興中街-4.往大興八街(車),Member (成員),(租11401)大新一街與上興路口-4.大新一街往大興八街(車),186.38,2100803131,25.018616,121.257604
Area-026,(租11401)上興路、興中街-4.往大興八街(車),Member (成員),(租11401)大新一街與上興路口-6.往大福路(車),192.03,2100803151,25.018998,121.257607
Area-027,(租11401)大新一街與上興路口-5.上興路往大興路(車),Center (中心點),(租11401)大新一街與上興路口-5.上興路往大興路(車),0.0,2100803141,25.018888,121.257391
Area-027,(租11401)大新一街與上興路口-5.上興路往大興路(車),Member (成員),(租11401)大興路、上興路-4.往大新一街(車),85.71,2100802031,25.018621,121.256593
Area-027,(租11401)大新一街與上興路口-5.上興路往大興路(車),Member (成員),(租11401)大興路、上興路-3.往大新路(車),136.33,2100802021,25.018507,121.256105
Area-027,(租11401)大新一街與上興路口-5.上興路往大興路(車),Member (成員),(租11401)大興路、上興路-5.往中興路(車),131.24,2100802041,25.018269,121.256282
Area-027,(租11401)大新一街與上興路口-5.上興路往大興路(車),Member (成員),(租11402)大福路與大新一街口(一)-2.往福興街(車),172.77,2100721011,25.020427,121.257627
Area-027,(租11401)大新一街與上興路口-5.上興路往大興路(車),Member (成員),(租11402)大福路與大新一街口(一)-5.往大新三街(車),198.27,2100721041,25.020669,121.257295
Area-028,(租11402)廣福路1357巷與永豐南路31巷(延伸永豐南路31巷280弄口)-3.往永豐南路31巷往永豐南路31巷280弄(車),Center (中心點),(租11402)廣福路1357巷與永豐南路31巷(延伸永豐南路31巷280弄口)-3.往永豐南路31巷往永豐南路31巷280弄(車),0.0,2080651021,24.953902,121.27708
Area-028,(租11402)廣福路1357巷與永豐南路31巷(延伸永豐南路31巷280弄口)-3.往永豐南路31巷往永豐南路31巷280弄(車),Member (成員),(租11402)廣福路1357巷與永豐南路31巷(延伸永豐南路31巷280弄口)-4.往永豐南路31巷往永豐路(車),193.82,2080651031,24.955645,121.277093
Area-029,(租11402)廣福路1357巷與永豐南路31巷(延伸永豐南路31巷280弄口)-5.往廣福路879巷192弄往廣福路879巷(車),Center (中心點),(租11402)廣福路1357巷與永豐南路31巷(延伸永豐南路31巷280弄口)-5.往廣福路879巷192弄往廣福路879巷(車),0.0,2080651041,24.955713,121.276976
Area-030,(租11402)廣興路1360巷80弄口-4.往廣興路1360巷往溪墘街(車),Center (中心點),(租11402)廣興路1360巷80弄口-4.往廣興路1360巷往溪墘街(車),0.0,2080653031,24.954982,121.279342
Area-030,(租11402)廣興路1360巷80弄口-4.往廣興路1360巷往溪墘街(車),Member (成員),(租11402)廣興路1360巷80弄口-3.往廣興路1360巷往永豐南路(車),182.69,2080653021,24.956095,121.280675
Area-031,(租11402)廣興路與廣興路1156巷口-4.往廣興路往廣福路(車),Center (中心點),(租11402)廣興路與廣興路1156巷口-4.往廣興路往廣福路(車),0.0,2080654031,24.9546,121.28346
Area-031,(租11402)廣興路與廣興路1156巷口-4.往廣興路往廣福路(車),Member (成員),(租11402)廣興路與廣興路1156巷口-3.往廣興路往新興路(車),54.18,2080654021,24.954153,121.283674
Area-031,(租11402)廣興路與廣興路1156巷口-4.往廣興路往廣福路(車),Member (成員),(租11402)廣興路與廣興路1156巷口-5.往廣興路1156巷往廣福路(車),127.16,2080654041,24.955269,121.284483
Area-032,(租11401)廣福路與廣福路451巷口 (含483、499巷口)-3.往力霸街(車),Center (中心點),(租11401)廣福路與廣福路451巷口 (含483、499巷口)-3.往力霸街(車),0.0,2080616021,24.959348,121.288328
Area-032,(租11401)廣福路與廣福路451巷口 (含483、499巷口)-3.往力霸街(車),Member (成員),(租11401)廣福路與廣福路451巷口 (含483、499巷口)-5.往廣興路(車),60.95,2080616041,24.959896,121.288341
Area-032,(租11401)廣福路與廣福路451巷口 (含483、499巷口)-3.往力霸街(車),Member (成員),(租11401)廣福路與廣福路451巷口 (含483、499巷口)-4.往大湳(車),73.15,2080616031,24.959853,121.288793
Area-033,(租11402)廣福路與廣隆街口-6.往廣隆街往廣福路(車),Center (中心點),(租11402)廣福路與廣隆街口-6.往廣隆街往廣福路(車),0.0,2080652051,24.959346,121.292179
Area-033,(租11402)廣福路與廣隆街口-6.往廣隆街往廣福路(車),Member (成員),(租11402)廣福路與廣隆街口-5.往廣隆街往建國路(車),28.14,2080652041,24.959094,121.292153
Area-034,(租11402)中路街與中路南街口-5.往中路南街往國際路(車),Center (中心點),(租11402)中路街與中路南街口-5.往中路南街往國際路(車),0.0,2080620041,24.961177,121.294327
Area-034,(租11402)中路街與中路南街口-5.往中路南街往國際路(車),Member (成員),(租11402)中路街與中路南街口-6.往中路北街往國際二路(車),34.73,2080620051,24.961488,121.294295
Area-034,(租11402)中路街與中路南街口-5.往中路南街往國際路(車),Member (成員),(租11401)國際一路88號前路口 (延伸至國際一、二路口)-7.往國際一路往中路街(車),129.85,2010076061,24.961889000000003,121.293306
Area-034,(租11402)中路街與中路南街口-5.往中路南街往國際路(車),Member (成員),(租11401)國際一路88號前路口 (延伸至國際一、二路口)-6.往國際二路往中路北街(車),142.55,2010076051,24.962301,121.293647
Area-034,(租11402)中路街與中路南街口-5.往中路南街往國際路(車),Member (成員),(租11402)中路街與中路南街口-4.往國際一路往國際路一段(車),179.37,2080620031,24.962521,121.293343
Area-035,(租11401)國際一路88號前路口 (延伸至國際一、二路口)-5.往中路北街67巷(車),Center (中心點),(租11401)國際一路88號前路口 (延伸至國際一、二路口)-5.往中路北街67巷(車),0.0,2010076041,24.963336,121.293488
Area-035,(租11401)國際一路88號前路口 (延伸至國際一、二路口)-5.往中路北街67巷(車),Member (成員),(租11401)國際一路88號前路口 (延伸至國際一、二路口)-8.往國際路一段往國豐街(車),108.61,2010076071,24.963559,121.292439
Area-035,(租11401)國際一路88號前路口 (延伸至國際一、二路口)-5.往中路北街67巷(車),Member (成員),(租11401)國際路一段141巷與桃德路39巷口-6.往國際路一段120巷(車),165.78,2010078051,24.964712,121.292855
Area-036,(租11401)國際路一段141巷與桃德路39巷口-4.往桃德路39巷(車),Center (中心點),(租11401)國際路一段141巷與桃德路39巷口-4.往桃德路39巷(車),0.0,2010078031,24.965737,121.292683
Area-036,(租11401)國際路一段141巷與桃德路39巷口-4.往桃德路39巷(車),Member (成員),(租11401)國際路一段141巷與桃德路39巷口-3.往國際路一段往桃園(車),50.67,2010078021,24.96585,121.292196
Area-036,(租11401)國際路一段141巷與桃德路39巷口-4.往桃德路39巷(車),Member (成員),(租11401)國際路一段141巷與桃德路39巷口-5.往國際路一段141巷(車),109.74,2010078041,24.96517,121.291792
Area-037,(租11402)國際路一段262巷與桃德路113巷-4.往八德(車),Center (中心點),(租11402)國際路一段262巷與桃德路113巷-4.往八德(車),0.0,2010079031,24.967785,121.292344
Area-037,(租11402)國際路一段262巷與桃德路113巷-4.往八德(車),Member (成員),(租11402)國際路一段262巷與桃德路113巷-5.往桃德路(車),26.33,2010079041,24.96796,121.29252
Area-037,(租11402)國際路一段262巷與桃德路113巷-4.往八德(車),Member (成員),(租11402)國際路一段308號前Y字型路口-4.往八德(車),101.21,2010080031,24.968309,121.291523
Area-037,(租11402)國際路一段262巷與桃德路113巷-4.往八德(車),Member (成員),(租11402)國際路一段308號前Y字型路口-3.往國際路一段414巷(車),191.68,2010080021,24.969084,121.291094
Area-038,(租11401)龍岡路二段、健行路口-4.往環中東路二段(車),Center (中心點),(租11401)龍岡路二段、健行路口-4.往環中東路二段(車),0.0,2000134031,24.946377,121.228904
Area-038,(租11401)龍岡路二段、健行路口-4.往環中東路二段(車),Member (成員),(租11401)環中東路、龍岡路口-2.往健行路(車),152.76,2000140011,24.945089,121.229431
Area-038,(租11401)龍岡路二段、健行路口-4.往環中東路二段(車),Member (成員),(租11402)執信一街與英士一街、皓東街口-4.往鄒容一街(車),164.2,2000181031,24.9465,121.227281
Area-038,(租11401)龍岡路二段、健行路口-4.往環中東路二段(車),Member (成員),(租11402)執信一街與英士一街、皓東街口-3.往龍岡路一段(車),199.48,2000181021,24.946971,121.227037
Area-038,(租11401)龍岡路二段、健行路口-4.往環中東路二段(車),Member (成員),(租11401)龍岡路二段、健行路口-5.往中北路二段(車),160.74,2000134041,24.9473,121.227677
Area-039,(租11401)環中東路、龍岡路口-3.往後興路(車),Center (中心點),(租11401)環中東路、龍岡路口-3.往後興路(車),0.0,2000140021,24.944573,121.229749
Area-039,(租11401)環中東路、龍岡路口-3.往後興路(車),Member (成員),(租11401)環中東路、龍岡路口-5.往龍岡路三段(車),45.24,2000140041,24.944169,121.229696
Area-039,(租11401)環中東路、龍岡路口-3.往後興路(車),Member (成員),(租11401)環中東路、龍岡路口-6.往台灣中油(龍岡站)(車),47.71,2000140051,24.944198,121.229979
Area-039,(租11401)環中東路、龍岡路口-3.往後興路(車),Member (成員),(租11401)環中東路、龍岡路口-4.往林森路(車),58.48,2000140031,24.944372,121.229213
Area-039,(租11401)環中東路、龍岡路口-3.往後興路(車),Member (成員),(租11401)環中東路二段、吉長街口-2.往昆明街(車),148.97,2000141011,24.945361,121.230944
Area-039,(租11401)環中東路、龍岡路口-3.往後興路(車),Member (成員),(租11401)環中東路二段、吉長街口-3.往昆明街(車),149.64,2000141021,24.945351,121.23096
Area-039,(租11401)環中東路、龍岡路口-3.往後興路(車),Member (成員),(租11401)環中東路二段、後興路二段口-2.往成都路(車),156.89,2000141111,24.945162,121.231163
Area-040,(租11402)龍岡路二段321巷39弄口-5.往龍岡路二段321巷39弄8衖口(車),Center (中心點),(租11402)龍岡路二段321巷39弄口-5.往龍岡路二段321巷39弄8衖口(車),0.0,2000193041,24.942336,121.231131
Area-040,(租11402)龍岡路二段321巷39弄口-5.往龍岡路二段321巷39弄8衖口(車),Member (成員),(租11402)龍岡路二段321巷39弄口-2.往龍岡路二段353巷21弄(車),30.81,2000193011,24.942059,121.231139
Area-040,(租11402)龍岡路二段321巷39弄口-5.往龍岡路二段321巷39弄8衖口(車),Member (成員),(租11402)龍岡路二段321巷39弄口-3.往龍岡路二段321巷(車),60.92,2000193021,24.941984,121.231594
Area-040,(租11402)龍岡路二段321巷39弄口-5.往龍岡路二段321巷39弄8衖口(車),Member (成員),(租11402)龍岡路二段321巷39弄口-4.往龍岡路二段321巷39弄8衖(車),56.34,2000193031,24.942295,121.231688
Area-040,(租11402)龍岡路二段321巷39弄口-5.往龍岡路二段321巷39弄8衖口(車),Member (成員),(租11402)龍岡路二段321巷39弄口-6.往龍岡路二段321巷1弄口(車),54.78,2000193051,24.942092,121.230659
Area-040,(租11402)龍岡路二段321巷39弄口-5.往龍岡路二段321巷39弄8衖口(車),Member (成員),(租11402)龍岡路二段與321巷、龍翔街口-2.往龍岡路二段321巷口(車),109.66,2001111011,24.942212,121.230052
Area-041,(租11401)志航街與少康一街、二街及執信二街口-5.往吳鳳二街(車),Center (中心點),(租11401)志航街與少康一街、二街及執信二街口-5.往吳鳳二街(車),0.0,2000114041,24.945481,121.225063
Area-041,(租11401)志航街與少康一街、二街及執信二街口-5.往吳鳳二街(車),Member (成員),(租11401)志航街與少康一街、二街及執信二街口-6.往吳鳳三街(車),16.9,2000114051,24.945502,121.224897
Area-041,(租11401)志航街與少康一街、二街及執信二街口-5.往吳鳳二街(車),Member (成員),(租11401)志航街與少康一街、二街及執信二街口-7.往逢甲二街(車),66.24,2000114061,24.944995,121.224683
Area-041,(租11401)志航街與少康一街、二街及執信二街口-5.往吳鳳二街(車),Member (成員),(租11401)志航街與少康一街、二街及執信二街口-8.往自忠街116巷(車),83.05,2000114071,24.944762,121.22484
Area-041,(租11401)志航街與少康一街、二街及執信二街口-5.往吳鳳二街(車),Member (成員),(租11401)志航街與少康一街、二街及執信二街口-9.往銘傳街(車),115.22,2000114081,24.94445,121.224949
Area-041,(租11401)志航街與少康一街、二街及執信二街口-5.往吳鳳二街(車),Member (成員),(租11401)天祥三街與自忠二街、自忠街口-2.往志航街(車),157.37,2000113011,24.946014,121.223617
Area-041,(租11401)志航街與少康一街、二街及執信二街口-5.往吳鳳二街(車),Member (成員),(租11401)天祥三街與自忠二街、自忠街口-3.往天祥二街(車),187.4,2000113021,24.946081,121.223326
Area-041,(租11401)志航街與少康一街、二街及執信二街口-5.往吳鳳二街(車),Member (成員),(租11401)天祥三街與自忠二街、自忠街口-5.往自忠三街(車),184.05,2000113041,24.945952,121.223313
Area-042,(租11401)天祥三街與自忠二街、自忠街口-4.往天祥一街(車),Center (中心點),(租11401)天祥三街與自忠二街、自忠街口-4.往天祥一街(車),0.0,2000113031,24.946113,121.223061
Area-042,(租11401)天祥三街與自忠二街、自忠街口-4.往天祥一街(車),Member (成員),(租11401)天祥三街與自忠二街、自忠街口-6.往金陵路(車),9.93,2000113051,24.946053,121.222988
Area-043,(租11401)金陵路二段、振平街-7.往振昌街(車),Center (中心點),(租11401)金陵路二段、振平街-7.往振昌街(車),0.0,2060793061,24.943958,121.222063
Area-043,(租11401)金陵路二段、振平街-7.往振昌街(車),Member (成員),(租11401)金陵路二段、振平街-8.往金陵路二段14巷(車),132.13,2060793071,24.942903,121.222666
Area-043,(租11401)金陵路二段、振平街-7.往振昌街(車),Member (成員),(租11401)金陵路二段、振平街-9.往振平街(車),180.49,2060793081,24.942341,121.222219
Area-044,(租11401)金陵路二段、振平街-10.往金興街(車),Center (中心點),(租11401)金陵路二段、振平街-10.往金興街(車),0.0,2060793091,24.94175,121.222826
Area-044,(租11401)金陵路二段、振平街-10.往金興街(車),Member (成員),(租11401)環南路三段、金陵路二段口-2.往金陵路(車),79.1,2060792011,24.941053,121.222983
Area-044,(租11401)金陵路二段、振平街-10.往金興街(車),Member (成員),(租11401)環南路三段、金陵路二段口-5.往德育路二段(車),119.13,2060792041,24.940679,121.222857
Area-044,(租11401)金陵路二段、振平街-10.往金興街(車),Member (成員),(租11401)環南路三段、金陵路二段口-4.往金陵路三段(車),150.43,2060792031,24.940413,121.223054
Area-044,(租11401)金陵路二段、振平街-10.往金興街(車),Member (成員),(租11401)環南路三段、金陵路二段口-3.往環中東路二段(車),126.02,2060792021,24.940877,121.223623
Area-045,(租11401)大德街、德泉街口-4.往環中東路二段867巷(車),Center (中心點),(租11401)大德街、德泉街口-4.往環中東路二段867巷(車),0.0,2000146031,24.938354,121.225565
Area-045,(租11401)大德街、德泉街口-4.往環中東路二段867巷(車),Member (成員),(租11401)大德街、德泉街口-3.往金陵路二段369巷(車),169.52,2000146021,24.936879,121.22599
Area-046,(租11401)大德街、德泉街口-2.往龍泉一街(車),Center (中心點),(租11401)大德街、德泉街口-2.往龍泉一街(車),0.0,2000146011,24.936243,121.227214
Area-047,(租11402)龍泉一街、德泉街口-4.往龍泉街137巷(車),Center (中心點),(租11402)龍泉一街、德泉街口-4.往龍泉街137巷(車),0.0,2060542031,24.931492,121.231184
Area-047,(租11402)龍泉一街、德泉街口-4.往龍泉街137巷(車),Member (成員),(租11402)游泳路120巷16弄口-3.往游泳路120巷81弄(車),147.29,2060527021,24.930844,121.232458
Area-048,(租11402)游泳路120巷16弄口-4.往游泳路120巷13弄口(車),Center (中心點),(租11402)游泳路120巷16弄口-4.往游泳路120巷13弄口(車),0.0,2060527031,24.93019,121.232739
Area-049,(租11401)金陵路三段、大智街口-3.往龍泉一街(車),Center (中心點),(租11401)金陵路三段、大智街口-3.往龍泉一街(車),0.0,2060475021,24.929053,121.228725
Area-049,(租11401)金陵路三段、大智街口-3.往龍泉一街(車),Member (成員),(租11401)金陵路三段、大仁街口-2.往金陵路三段88巷(車),160.24,2060474011,24.928252,121.227404
Area-049,(租11401)金陵路三段、大智街口-3.往龍泉一街(車),Member (成員),(租11401)金陵路三段、大仁街口-3.往金陵路三段72巷(車),189.8,2060474021,24.928328,121.227021
Area-049,(租11401)金陵路三段、大智街口-3.往龍泉一街(車),Member (成員),(租11401)金陵路三段、大仁街口-4.往大仁街4巷(車),180.99,2060474031,24.92852,121.227029
Area-050,(租11401)金陵路三段、大智街口-4.往大勇街(車),Center (中心點),(租11401)金陵路三段、大智街口-4.往大勇街(車),0.0,2060475031,24.92882,121.226746
Area-051,(租11401)大勇街、大智街、大仁街-6.往金陵路(車),Center (中心點),(租11401)大勇街、大智街、大仁街-6.往金陵路(車),0.0,2060465051,24.927711,121.224388
Area-051,(租11401)大勇街、大智街、大仁街-6.往金陵路(車),Member (成員),(租11401)大勇街、大智街、大仁街-5.往大智街(車),49.29,2060465041,24.927951,121.223977
Area-052,(租11402)大觀路三段(台15)、工業八路(一)-3.往成功路(車),Center (中心點),(租11402)大觀路三段(台15)、工業八路(一)-3.往成功路(車),0.0,2020788021,25.036174,121.115167
Area-052,(租11402)大觀路三段(台15)、工業八路(一)-3.往成功路(車),Member (成員),(租11402)大觀路三段與文林路口-2.往民族路(車),185.38,2020788111,25.036284,121.117003
Area-052,(租11402)大觀路三段(台15)、工業八路(一)-3.往成功路(車),Member (成員),(租11402)大觀路三段(台15)、工業八路(一)-2.往觀音(車),30.61,2020788011,25.035992,121.114939
Area-053,(租11401)瑞安路一段(台4)、瑞安路一段266巷-5.往大溪橋頭旁中油(車),Center (中心點),(租11401)瑞安路一段(台4)、瑞安路一段266巷-5.往大溪橋頭旁中油(車),0.0,2030459041,24.879,121.275863
Area-053,(租11401)瑞安路一段(台4)、瑞安路一段266巷-5.往大溪橋頭旁中油(車),Member (成員),(租11401)瑞安路一段(台4)、瑞安路一段266巷-4.往崁津部落(車),52.72,2030459031,24.878577,121.276099
Area-053,(租11401)瑞安路一段(台4)、瑞安路一段266巷-5.往大溪橋頭旁中油(車),Member (成員),(租11401)瑞安路一段(台4)、瑞安路一段266巷-2.往康莊路(車),95.58,2030459011,24.878215,121.275477
Area-053,(租11401)瑞安路一段(台4)、瑞安路一段266巷-5.往大溪橋頭旁中油(車),Member (成員),(租11401)瑞安路一段(台4)、瑞安路一段266巷-3.往大鶯路(車),48.31,2030459021,24.878974,121.276341
Area-054,(租11402)三元一街(桃64)、齋明街46巷-3.往三元一街往大鶯路(車),Center (中心點),(租11402)三元一街(桃64)、齋明街46巷-3.往三元一街往大鶯路(車),0.0,2030455021,24.88316,121.275154
Area-054,(租11402)三元一街(桃64)、齋明街46巷-3.往三元一街往大鶯路(車),Member (成員),(租11402)三元一街(桃64)、齋明街46巷-4.往三元一街往員林路二段(車),155.46,2030455031,24.883435,121.273643
Area-055,(租11401)三元二街、三元一街46巷-3.往三元一街(車),Center (中心點),(租11401)三元二街、三元一街46巷-3.往三元一街(車),0.0,2030399021,24.882264,121.269665
Area-055,(租11401)三元二街、三元一街46巷-3.往三元一街(車),Member (成員),(租11401)三元二街、三元一街46巷-4.往三元二街(車),43.1,2030399031,24.881955,121.269407
Area-055,(租11401)三元二街、三元一街46巷-3.往三元一街(車),Member (成員),(租11401)三元二街二巷1弄-4.往員林路二段(車),84.29,2030398031,24.881605,121.269252
Area-055,(租11401)三元二街、三元一街46巷-3.往三元一街(車),Member (成員),(租11401)三元三街12巷延伸至三街69號-4.往三元二街(車),113.32,2030400031,24.88172,121.268715
Area-056,(租11401)員林路二段(台3)、三元一街(桃64)-3.往三元一街2巷(車),Center (中心點),(租11401)員林路二段(台3)、三元一街(桃64)-3.往三元一街2巷(車),0.0,2030414021,24.883843,121.268426
Area-056,(租11401)員林路二段(台3)、三元一街(桃64)-3.往三元一街2巷(車),Member (成員),(租11401)員林路二段(台3)、三元一街(桃64)-5.往龍潭(車),57.25,2030414041,24.884231,121.268053
Area-056,(租11401)員林路二段(台3)、三元一街(桃64)-3.往三元一街2巷(車),Member (成員),(租11401)員林路二段(台3)、三元一街(桃64)-4.往員林路二段382巷(車),133.33,2030414031,24.884782,121.267604
Area-057,(租11401)南興路二段(桃64)、南興路二段52巷-4.往國3高架橋下(車),Center (中心點),(租11401)南興路二段(桃64)、南興路二段52巷-4.往國3高架橋下(車),0.0,2030413031,24.893334,121.262324
Area-057,(租11401)南興路二段(桃64)、南興路二段52巷-4.往國3高架橋下(車),Member (成員),(租11401)南興路二段(桃64)、南興路二段52巷-2.往永昌路(車),136.53,2030413011,24.89448,121.261838
Area-057,(租11401)南興路二段(桃64)、南興路二段52巷-4.往國3高架橋下(車),Member (成員),(租11401)南興路二段(桃64)、南興路二段52巷-3.往興昌路二段(車),150.93,2030413021,24.894282,121.261253
Area-058,(租11402)永昌路(台七)、南興路一段口(二)-3.往永昌路外車道往國道三號(車),Center (中心點),(租11402)永昌路(台七)、南興路一段口(二)-3.往永昌路外車道往國道三號(車),0.0,2030951021,24.895184,121.261901
Area-058,(租11402)永昌路(台七)、南興路一段口(二)-3.往永昌路外車道往國道三號(車),Member (成員),(租11402)永昌路(台七)、南興路一段口(二)-2.往永昌路內車道往國道三號(車),1.83,2030951011,24.895186,121.261919
Area-058,(租11402)永昌路(台七)、南興路一段口(二)-3.往永昌路外車道往國道三號(車),Member (成員),(租11401)永昌路(台七)、南興路一段口(一)-4.往南興路二段(車),50.25,2030952031,24.895401,121.262338
Area-058,(租11402)永昌路(台七)、南興路一段口(二)-3.往永昌路外車道往國道三號(車),Member (成員),(租11401)永昌路(台七)、南興路一段口(一)-3.往永昌路外車道(車),71.89,2030952021,24.895824,121.262002
Area-058,(租11402)永昌路(台七)、南興路一段口(二)-3.往永昌路外車道往國道三號(車),Member (成員),(租11401)永昌路(台七)、南興路一段口(一)-2.往永昌路內車道(車),71.57,2030952011,24.895825,121.261965
Area-059,(租11401)南興路一段(桃64)、南興路151巷-3.往南興路一段(車),Center (中心點),(租11401)南興路一段(桃64)、南興路151巷-3.往南興路一段(車),0.0,2030412021,24.899195,121.265003
Area-059,(租11401)南興路一段(桃64)、南興路151巷-3.往南興路一段(車),Member (成員),(租11401)南興路一段(桃64)、南興路151巷-4.往仁和路二段149巷(車),21.52,2030412031,24.899229,121.265213
Area-059,(租11401)南興路一段(桃64)、南興路151巷-3.往南興路一段(車),Member (成員),(租11401)南興路一段(桃64)、南興路151巷-2.往永昌路(車),82.74,2030412011,24.899928,121.264862
Area-060,(租11401)興昌路、興昌路一段310巷-3.往興昌路(車),Center (中心點),(租11401)興昌路、興昌路一段310巷-3.往興昌路(車),0.0,2030422021,24.901932,121.255647
Area-060,(租11401)興昌路、興昌路一段310巷-3.往興昌路(車),Member (成員),(租11401)興昌路、興昌路一段310巷-4.往仁和路二段(車),60.4,2030422031,24.902474,121.255687
Area-060,(租11401)興昌路、興昌路一段310巷-3.往興昌路(車),Member (成員),(租11401)興昌路、興昌路一段310巷-2.往平鎮東龍路(車),141.57,2030422011,24.902139,121.254262
Area-061,(租11401)仁和路二段(市112)、仁和路二段459巷-4.往英業達(車),Center (中心點),(租11401)仁和路二段(市112)、仁和路二段459巷-4.往英業達(車),0.0,2030405031,24.908337,121.258479
Area-061,(租11401)仁和路二段(市112)、仁和路二段459巷-4.往英業達(車),Member (成員),(租11401)仁和路二段(市112)、仁和路二段459巷-3.往鍾氏祠堂(車),33.87,2030405021,24.908597,121.258304
Area-061,(租11401)仁和路二段(市112)、仁和路二段459巷-4.往英業達(車),Member (成員),(租11401)仁和路二段(市112)、仁和路二段459巷-2.往平鎮龍南路(車),56.17,2030405011,24.908649,121.258041
Area-061,(租11401)仁和路二段(市112)、仁和路二段459巷-4.往英業達(車),Member (成員),(租11401)仁和路二段、仁和路二段517巷-2.往仁和路二段509巷(車),160.49,2030406011,24.909043,121.257091
Area-061,(租11401)仁和路二段(市112)、仁和路二段459巷-4.往英業達(車),Member (成員),(租11401)仁和路二段、仁和路二段517巷-4.往平鎮龍南路(車),197.72,2030406031,24.90945,121.25695
Area-062,(租11401)仁和路二段、仁和路二段517巷-3.往仁和路二段517巷(車),Center (中心點),(租11401)仁和路二段、仁和路二段517巷-3.往仁和路二段517巷(車),0.0,2030406021,24.909189,121.256359
Area-063,(租11401)星友街42巷頭、尾-3.往東光路201巷(車),Center (中心點),(租11401)星友街42巷頭、尾-3.往東光路201巷(車),0.0,2060480021,24.914572,121.254061
Area-063,(租11401)星友街42巷頭、尾-3.往東光路201巷(車),Member (成員),(租11401)星友街42巷頭、尾-4.往東光路(車),196.78,2060480031,24.916341,121.254006
Area-064,(租11402)東光路18巷口-4.往星友街(車),Center (中心點),(租11402)東光路18巷口-4.往星友街(車),0.0,2060510031,24.917183,121.253464
Area-064,(租11402)東光路18巷口-4.往星友街(車),Member (成員),(租11402)東光路18巷口-3.往東光路內(車),63.82,2060510021,24.917741,121.253612
Area-064,(租11402)東光路18巷口-4.往星友街(車),Member (成員),(租11401)平東路68巷、86巷-5.往東光路(車),126.12,2060470041,24.917813,121.252424
Area-064,(租11402)東光路18巷口-4.往星友街(車),Member (成員),(租11401)平東路68巷、86巷-4.往平東路61巷(車),133.44,2060470031,24.917706,121.252273
Area-064,(租11402)東光路18巷口-4.往星友街(車),Member (成員),(租11401)平東路68巷、86巷-3.往平東路61巷(車),130.91,2060470021,24.917632,121.252264
Area-064,(租11402)東光路18巷口-4.往星友街(車),Member (成員),(租11401)平東路68巷、86巷-6.往平東路86巷18弄(車),151.46,2060470051,24.917854,121.252157
Area-064,(租11402)東光路18巷口-4.往星友街(車),Member (成員),(租11401)平東路68巷、86巷-2.往新華北路(車),177.42,2060470011,24.917492,121.251738
Area-065,(租11402)龍南路、龍南路430巷口-3.往龍南路430巷7弄口(車),Center (中心點),(租11402)龍南路、龍南路430巷口-3.往龍南路430巷7弄口(車),0.0,2060540021,24.920218,121.252612
Area-065,(租11402)龍南路、龍南路430巷口-3.往龍南路430巷7弄口(車),Member (成員),(租11402)龍南路、龍南路430巷口-4.往龍安路(車),33.82,2060540031,24.920514,121.252689
Area-065,(租11402)龍南路、龍南路430巷口-3.往龍南路430巷7弄口(車),Member (成員),(租11402)龍南路、龍南路430巷口-2.往新生路600巷內(車),82.38,2060540011,24.920603,121.25331
Area-066,(租11402)龍安路、龍安路36巷口-4.往龍南路430巷(車),Center (中心點),(租11402)龍安路、龍安路36巷口-4.往龍南路430巷(車),0.0,2060539031,24.920672,121.250692
Area-066,(租11402)龍安路、龍安路36巷口-4.往龍南路430巷(車),Member (成員),(租11402)龍安路、龍安路36巷口-3.往龍南路(車),50.57,2060539021,24.920976,121.250319
Area-066,(租11402)龍安路、龍安路36巷口-4.往龍南路430巷(車),Member (成員),(租11402)龍安路、龍安路36巷口-2.往龍安路36巷內(車),138.39,2060539011,24.921233,121.249467
Area-067,(租11402)龍南路193巷、188巷口-3.往龍南路188巷內(車),Center (中心點),(租11402)龍南路193巷、188巷口-3.往龍南路188巷內(車),0.0,2060541021,24.923269,121.248113
Area-067,(租11402)龍南路193巷、188巷口-3.往龍南路188巷內(車),Member (成員),(租11402)龍南路193巷、188巷口-4.往龍南路176巷內(車),25.28,2060541031,24.923371,121.247889
Area-068,(租11401)大福路、興仁路-3.往大興路(車),Center (中心點),(租11401)大福路、興仁路-3.往大興路(車),0.0,2100806021,25.020842,121.260122
Area-068,(租11401)大福路、興仁路-3.往大興路(車),Member (成員),(租11401)大福路、興仁路-2.往上興路(車),49.91,2100806011,25.02079,121.260614
Area-068,(租11401)大福路、興仁路-3.往大興路(車),Member (成員),(租11401)大福路、興仁路-4.往大竹路(車),50.57,2100806031,25.021158,121.260483
Area-068,(租11401)大福路、興仁路-3.往大興路(車),Member (成員),(租11402)興仁路5巷與大竹一街-5.往興仁路(車),170.26,2100752041,25.020473,121.261762
Area-068,(租11401)大福路、興仁路-3.往大興路(車),Member (成員),(租11402)興仁路5巷與大竹一街-4.往福興街(車),192.51,2100752031,25.020254,121.261919
Area-068,(租11401)大福路、興仁路-3.往大興路(車),Member (成員),(租11402)興仁路5巷與大竹一街-2.往大竹路449巷(車),183.62,2100752011,25.02081,121.261944
Area-069,(租11402)興仁路5巷與大竹一街-3.往上竹五街(車),Center (中心點),(租11402)興仁路5巷與大竹一街-3.往上竹五街(車),0.0,2100752021,25.020453,121.262595
Area-070,(租11402)大竹路、上竹一街、上竹二街口-4.往竹中街(車),Center (中心點),(租11402)大竹路、上竹一街、上竹二街口-4.往竹中街(車),0.0,2100716031,25.019519,121.266272
Area-070,(租11402)大竹路、上竹一街、上竹二街口-4.往竹中街(車),Member (成員),(租11402)大竹路、上竹一街、上竹二街口-3.往竹中街(車),90.49,2100716021,25.0189,121.266855
Area-071,(租11402)大竹路288巷、314巷-6.往上竹路(車),Center (中心點),(租11402)大竹路288巷、314巷-6.往上竹路(車),0.0,2100717051,25.018362,121.268234
Area-071,(租11402)大竹路288巷、314巷-6.往上竹路(車),Member (成員),(租11401)大竹路288巷28號-2.往上竹路(車),121.63,2100906011,25.018452,121.269437
Area-072,(租11402)大福路與大新一街口(一)-4.往豪登一街(車),Center (中心點),(租11402)大福路與大新一街口(一)-4.往豪登一街(車),0.0,2100721031,25.020688,121.25779
Area-072,(租11402)大福路與大新一街口(一)-4.往豪登一街(車),Member (成員),(租11402)大福路與大新一街口(一)-3.往大興十一街(車),30.93,2100721021,25.020881,121.257569
Area-073,(租11401)大興十一街、大新一街-2.往大福路(車),Center (中心點),(租11401)大興十一街、大新一街-2.往大福路(車),0.0,2100804011,25.0224,121.257081
Area-073,(租11401)大興十一街、大新一街-2.往大福路(車),Member (成員),(租11402)大新一街與大興十四街口-2.往大新三街(車),169.83,2100719011,25.023808,121.256428
Area-073,(租11401)大興十一街、大新一街-2.往大福路(車),Member (成員),(租11402)大新一街與大興十四街口-3.往大興十一街(車),116.86,2100719021,25.023414,121.256776
Area-073,(租11401)大興十一街、大新一街-2.往大福路(車),Member (成員),(租11401)大興十一街、大新一街-4.往大新路(車),36.23,2100804031,25.022702,121.256946
Area-073,(租11401)大興十一街、大新一街-2.往大福路(車),Member (成員),(租11401)大興十一街、大新一街-5.往新福街(車),30.91,2100804041,25.022675,121.257126
Area-073,(租11401)大興十一街、大新一街-2.往大福路(車),Member (成員),(租11401)大興十一街、大新一街-3.往大新二街(車),33.89,2100804021,25.022459,121.256751
Area-073,(租11401)大興十一街、大新一街-2.往大福路(車),Member (成員),(租11401)大興十一街、大新三街-2.往大新一街(車),127.38,2100805011,25.022034,121.255883
Area-073,(租11401)大興十一街、大新一街-2.往大福路(車),Member (成員),(租11401)大興十一街、大新三街-3.往大福路(車),151.21,2100805021,25.021851,121.255708
Area-073,(租11401)大興十一街、大新一街-2.往大福路(車),Member (成員),(租11401)大興十一街、大新三街-4.大興十一街往大興路(車),159.06,2100805031,25.0219,121.255602
Area-073,(租11401)大興十一街、大新一街-2.往大福路(車),Member (成員),(租11401)大興十一街、大新三街-5.往大興十一街101巷(車),134.06,2100805041,25.022665,121.255783
Area-073,(租11401)大興十一街、大新一街-2.往大福路(車),Member (成員),(租11402)大新一街與大興十四街口-4.往大興十一街(車),166.26,2100719031,25.023795,121.257675
Area-074,(租11402)天祥街11巷至38巷口-5.往天祥街32巷往大漢街(車),Center (中心點),(租11402)天祥街11巷至38巷口-5.往天祥街32巷往大漢街(車),0.0,2030831041,24.877756,121.289251
Area-074,(租11402)天祥街11巷至38巷口-5.往天祥街32巷往大漢街(車),Member (成員),(租11402)天祥街11巷至38巷口-3.往天祥街16巷往大漢街(車),64.51,2030831021,24.877964,121.288654
Area-074,(租11402)天祥街11巷至38巷口-5.往天祥街32巷往大漢街(車),Member (成員),(租11402)天祥街11巷至38巷口-2.往天祥街12巷往金城路(車),89.35,2030831011,24.87841847032,121.288749726009
Area-074,(租11402)天祥街11巷至38巷口-5.往天祥街32巷往大漢街(車),Member (成員),(租11402)天祥街11巷至38巷口-4.往天祥街15巷往金城路(車),84.64,2030831031,24.878498,121.289064
Area-074,(租11402)天祥街11巷至38巷口-5.往天祥街32巷往大漢街(車),Member (成員),(租11402)天祥街11巷至38巷口-6.往天祥街38巷往大漢街(車),34.34,2030831051,24.877471,121.289382
Area-075,(租11402)文化路、文化路271巷-3.往文化路271巷往中華路(車),Center (中心點),(租11402)文化路、文化路271巷-3.往文化路271巷往中華路(車),0.0,2030428021,24.875952,121.287983
Area-075,(租11402)文化路、文化路271巷-3.往文化路271巷往中華路(車),Member (成員),(租11402)文化路、文化路271巷-2.往文化路261巷往中華路(車),45.48,2030428011,24.875801,121.288402
Area-075,(租11402)文化路、文化路271巷-3.往文化路271巷往中華路(車),Member (成員),(租11402)文化路、文化路271巷-4.往文化路273巷往康莊路377巷(車),46.94,2030428031,24.875711,121.287601
Area-076,(租11401)中正東路、康莊路-7.往復興路(車),Center (中心點),(租11401)中正東路、康莊路-7.往復興路(車),0.0,2030403061,24.88146,121.288136
Area-076,(租11401)中正東路、康莊路-7.往復興路(車),Member (成員),(租11401)中正東路、康莊路-5.往中正東路、康莊路口(車),140.56,2030403041,24.882456,121.288994
Area-076,(租11401)中正東路、康莊路-7.往復興路(車),Member (成員),(租11401)中正東路、康莊路-4.往民權路(車),150.78,2030403031,24.882709,121.288718
Area-076,(租11401)中正東路、康莊路-7.往復興路(車),Member (成員),(租11401)中正東路、康莊路-6.往民生路(車),158.93,2030403051,24.882871,121.288387
Area-076,(租11401)中正東路、康莊路-7.往復興路(車),Member (成員),(租11401)中正東路、康莊路-3.往和二路(車),164.76,2030403021,24.882315,121.28947
Area-076,(租11401)中正東路、康莊路-7.往復興路(車),Member (成員),(租11402)慈湖路、慈湖路109巷-4.往中正東路22巷往中正東路(車),147.2,2030830031,24.881765,121.289556
Area-076,(租11401)中正東路、康莊路-7.往復興路(車),Member (成員),(租11402)慈湖路、慈湖路109巷-5.往慈湖路109巷往和二路(車),148.49,2030830041,24.881454,121.289608
Area-077,(租11401)康莊路、民權路-4.往中央路(車),Center (中心點),(租11401)康莊路、民權路-4.往中央路(車),0.0,2030418031,24.883689,121.288515
Area-077,(租11401)康莊路、民權路-4.往中央路(車),Member (成員),(租11401)康莊路、民權路-2.往信義路(車),31.8,2030418011,24.883815,121.288798
Area-077,(租11401)康莊路、民權路-4.往中央路(車),Member (成員),(租11401)康莊路、民權路-3.往慈湖路(車),33.25,2030418021,24.883757,121.288836
Area-077,(租11401)康莊路、民權路-4.往中央路(車),Member (成員),(租11401)中央路、民生路-5.往和平路(車),83.29,2030402041,24.884079,121.28781
Area-078,(租11401)中正路、中央路-4.往復興路(車),Center (中心點),(租11401)中正路、中央路-4.往復興路(車),0.0,2030404031,24.882992,121.28635
Area-079,(租11402)中正東路、和二路-5.往中正東路往慈湖路(車),Center (中心點),(租11402)中正東路、和二路-5.往中正東路往慈湖路(車),0.0,2030828041,24.881784,121.290458
Area-079,(租11402)中正東路、和二路-5.往中正東路往慈湖路(車),Member (成員),(租11402)中正東路、和二路-4.往和二路往復興路(車),27.18,2030828031,24.881548,121.290528
Area-080,(租11401)文化路、文化路59巷-2.往文化路75巷(車),Center (中心點),(租11401)文化路、文化路59巷-2.往文化路75巷(車),0.0,2030409011,24.881535,121.293601
Area-080,(租11401)文化路、文化路59巷-2.往文化路75巷(車),Member (成員),(租11401)文化路、文化路59巷-3.往文化路59巷(車),57.23,2030409021,24.881949,121.293938
Area-080,(租11401)文化路、文化路59巷-2.往文化路75巷(車),Member (成員),(租11402)中華路、東二路-6.往東二路往中華路(車),158.75,2030833051,24.88185,121.295136
Area-080,(租11401)文化路、文化路59巷-2.往文化路75巷(車),Member (成員),(租11402)中華路、東二路-5.往中華路往復興路(車),143.31,2030833041,24.880997,121.294892
Area-081,(租11402)中華路、東二路-4.往中華路往內山公路(車),Center (中心點),(租11402)中華路、東二路-4.往中華路往內山公路(車),0.0,2030833031,24.882621,121.295356
Area-082,(租11402)美山路一段(桃58)、美山路一段166巷-4.往美山路一段往復興路(車),Center (中心點),(租11402)美山路一段(桃58)、美山路一段166巷-4.往美山路一段往復興路(車),0.0,2030437031,24.88323,121.300226
Area-082,(租11402)美山路一段(桃58)、美山路一段166巷-4.往美山路一段往復興路(車),Member (成員),(租11402)美山路一段(桃58)、美山路一段166巷-3.往美山路一段166巷往美山路一段230巷(車),51.22,2030437021,24.882892,121.300571
Area-083,(租11402)美山路一段、美山路一段601巷-2.往美山路一段601巷往美山路一段601巷62弄(車),Center (中心點),(租11402)美山路一段、美山路一段601巷-2.往美山路一段601巷往美山路一段601巷62弄(車),0.0,2030957011,24.874965,121.301425
Area-084,(租11401)美山路一段(桃58)、美山路一段738巷-3.往金山路(車),Center (中心點),(租11401)美山路一段(桃58)、美山路一段738巷-3.往金山路(車),0.0,2030438021,24.873249,121.300472
Area-084,(租11401)美山路一段(桃58)、美山路一段738巷-3.往金山路(車),Member (成員),(租11401)美山路一段(桃58)、美山路一段738巷-2.往復興路一段39巷(車),58.81,2030438011,24.872974,121.299974
Area-084,(租11401)美山路一段(桃58)、美山路一段738巷-3.往金山路(車),Member (成員),(租11401)美山路一段(桃58)、美山路一段738巷-4.往美山路二段(車),111.38,2030438031,24.872283,121.300764
Area-085,(租11401)復興路一段(台7)、復興路一段145巷-2.美華里(車),Center (中心點),(租11401)復興路一段(台7)、復興路一段145巷-2.美華里(車),0.0,2030419011,24.864442,121.294598
Area-085,(租11401)復興路一段(台7)、復興路一段145巷-2.美華里(車),Member (成員),(租11401)復興路一段(台7)、復興路一段145巷-3.往大溪(車),53.0,2030419021,24.864132,121.294199
Area-086,(租11402)慈康路(桃59)、慈康路273巷-3.往慈康路往中華路(車),Center (中心點),(租11402)慈康路(桃59)、慈康路273巷-3.往慈康路往中華路(車),0.0,2030956021,24.860604,121.285814
Area-086,(租11402)慈康路(桃59)、慈康路273巷-3.往慈康路往中華路(車),Member (成員),(租11402)慈康路(桃59)、慈康路273巷-4.往慈康路往復興路一段(車),53.34,2030956031,24.860127,121.28587
Area-086,(租11402)慈康路(桃59)、慈康路273巷-3.往慈康路往中華路(車),Member (成員),(租11402)慈康路(桃59)、慈康路273巷-2.往慈康路273巷往復興路一段218巷(車),114.03,2030956011,24.859608,121.286083
Area-087,(租11402)復興路一段218巷、復興路一段626巷-3.往復興路一段626巷往慈康路589巷(車),Center (中心點),(租11402)復興路一段218巷、復興路一段626巷-3.往復興路一段626巷往慈康路589巷(車),0.0,2030457021,24.856042,121.289381
Area-087,(租11402)復興路一段218巷、復興路一段626巷-3.往復興路一段626巷往慈康路589巷(車),Member (成員),(租11402)復興路一段218巷、復興路一段626巷-5.往復興路一段218巷往復興路一段(車),34.27,2030457041,24.855916,121.289691
Area-087,(租11402)復興路一段218巷、復興路一段626巷-3.往復興路一段626巷往慈康路589巷(車),Member (成員),(租11402)復興路一段218巷、復興路一段626巷-4.往復興路一段626巷往復興路一段622-1號(車),77.16,2030457031,24.855665,121.290023
Area-087,(租11402)復興路一段218巷、復興路一段626巷-3.往復興路一段626巷往慈康路589巷(車),Member (成員),(租11402)復興路一段218巷、復興路一段626巷-2.往復興路一段218巷往慈康路(車),58.39,2030457011,24.855518,121.289419
Area-088,(租11401)復興路一段755號(福安國小)-4.往慈康路(車),Center (中心點),(租11401)復興路一段755號(福安國小)-4.往慈康路(車),0.0,2030420031,24.850829,121.288432
Area-088,(租11401)復興路一段755號(福安國小)-4.往慈康路(車),Member (成員),(租11401)復興路一段755號(福安國小)-3.往復興路一段(車),63.17,2030420021,24.850307,121.288185
Area-088,(租11401)復興路一段755號(福安國小)-4.往慈康路(車),Member (成員),(租11401)復興路一段755號(福安國小)-2.往三層所(車),88.67,2030420011,24.85013,121.288009
Area-089,(租11401)安和路、安和路29巷-4.往康莊路三段(車),Center (中心點),(租11401)安和路、安和路29巷-4.往康莊路三段(車),0.0,2030411031,24.856469,121.281518
Area-089,(租11401)安和路、安和路29巷-4.往康莊路三段(車),Member (成員),(租11401)安和路、安和路29巷-3.往內柵路一段101巷(車),33.42,2030411021,24.856768,121.281552
Area-089,(租11401)安和路、安和路29巷-4.往康莊路三段(車),Member (成員),(租11401)內柵路二段、內柵路二段27巷-5.往康莊路三段(車),99.47,2030408041,24.857059,121.280777
Area-090,(租11402)康莊路三段550巷、康莊路三段550巷5弄-1.往康莊路三段550巷(車),Center (中心點),(租11402)康莊路三段550巷、康莊路三段550巷5弄-1.往康莊路三段550巷(車),0.0,2030954001,24.849558,121.273409
Area-091,(租11401)康莊路三段(台4)、康莊路三段737巷-4.往內柵路二段(車),Center (中心點),(租11401)康莊路三段(台4)、康莊路三段737巷-4.往內柵路二段(車),0.0,2030417031,24.842713,121.272284
Area-092,(租11402)南青路73號旁匝道路口-3.往大竹北路(車),Center (中心點),(租11402)南青路73號旁匝道路口-3.往大竹北路(車),0.0,2100739021,25.035891,121.237515
Area-093,(租11402)宏竹路、南青路、大華北街-3.往大竹南路(車),Center (中心點),(租11402)宏竹路、南青路、大華北街-3.往大竹南路(車),0.0,2100730021,25.041767,121.242757
Area-093,(租11402)宏竹路、南青路、大華北街-3.往大竹南路(車),Member (成員),(租11402)南青路與大華北街口(一)-4.南青路往宏華街外車道(車),139.09,2100740031,25.041305,121.24404
Area-093,(租11402)宏竹路、南青路、大華北街-3.往大竹南路(車),Member (成員),(租11402)南青路與大華北街口(一)-3.南青路往宏華街內車道(車),141.49,2100740021,25.04129,121.244059
Area-094,(租11402)南青路與大華北街口(二)-4.往大華街(車),Center (中心點),(租11402)南青路與大華北街口(二)-4.往大華街(車),0.0,2100741031,25.04119,121.245064
Area-094,(租11402)南青路與大華北街口(二)-4.往大華街(車),Member (成員),(租11402)南青路與大華北街口(二)-3.南青路往宏華街外車道(車),63.43,2100741021,25.041758,121.245006
Area-094,(租11402)南青路與大華北街口(二)-4.往大華街(車),Member (成員),(租11402)南青路與大華北街口(二)-2.南青路往宏華街內車道(車),64.71,2100741011,25.041768,121.244989
Area-095,(租11402)宏竹路、南青路、大華北街-2.往宏華街(車),Center (中心點),(租11402)宏竹路、南青路、大華北街-2.往宏華街(車),0.0,2100730011,25.043179,121.244223
Area-096,(租11401)南青路與宏華街口(2)-4.往宏竹路190巷外車道(車),Center (中心點),(租11401)南青路與宏華街口(2)-4.往宏竹路190巷外車道(車),0.0,2100712031,25.045843,121.249032
Area-096,(租11401)南青路與宏華街口(2)-4.往宏竹路190巷外車道(車),Member (成員),(租11401)南青路與宏華街口(2)-3.往宏竹路190巷內車道(車),2.36,2100712021,25.045832,121.249052
Area-096,(租11401)南青路與宏華街口(2)-4.往宏竹路190巷外車道(車),Member (成員),(租11401)南青路與宏華街口(2)-2.往宏竹路(車),21.52,2100712011,25.046011,121.248926
Area-096,(租11401)南青路與宏華街口(2)-4.往宏竹路190巷外車道(車),Member (成員),(租11401)南青路與宏華街口(1)-3.往富國路(車),62.28,2100711021,25.045878,121.249649
Area-096,(租11401)南青路與宏華街口(2)-4.往宏竹路190巷外車道(車),Member (成員),(租11401)南青路與宏華街口(1)-4.往富國路(車),62.55,2100711031,25.045873,121.249652
Area-096,(租11401)南青路與宏華街口(2)-4.往宏竹路190巷外車道(車),Member (成員),(租11401)南青路與宏華街口(1)-2.往宏華街81巷(車),72.01,2100711011,25.045615,121.249701
Area-097,(租11402)富華路二段與蘆宏路口-4.往南青路(車),Center (中心點),(租11402)富華路二段與蘆宏路口-4.往南青路(車),0.0,2100747031,25.043072,121.260315
Area-097,(租11402)富華路二段與蘆宏路口-4.往南青路(車),Member (成員),(租11402)富華路二段與蘆宏路口-2.往富國路(車),60.76,2100747011,25.043061,121.260918
Area-097,(租11402)富華路二段與蘆宏路口-4.往南青路(車),Member (成員),(租11402)富華路二段與蘆宏路口-3.往大華路(車),108.87,2100747021,25.042093,121.260301
Area-098,(租11401)富宏街350巷口-3.富宏街往富宏街290巷(車),Center (中心點),(租11401)富宏街350巷口-3.富宏街往富宏街290巷(車),0.0,2100713021,25.0348,121.259631
Area-098,(租11401)富宏街350巷口-3.富宏街往富宏街290巷(車),Member (成員),(租11401)富宏街350巷口-2.富宏街350巷往富宏街290巷(車),28.71,2100713011,25.0348,121.259346
Area-098,(租11401)富宏街350巷口-3.富宏街往富宏街290巷(車),Member (成員),(租11401)富宏街350巷口-5.富宏街往富宏街350巷(車),36.56,2100713041,25.034545,121.259402
Area-098,(租11401)富宏街350巷口-3.富宏街往富宏街290巷(車),Member (成員),(租11401)富宏街350巷口-4.往宏昌街(車),40.99,2100713031,25.034478,121.259433
Area-099,(租11402)南竹路五段152、182巷底-4.往南竹路四段300巷37弄(車),Center (中心點),(租11402)南竹路五段152、182巷底-4.往南竹路四段300巷37弄(車),0.0,2100736031,25.027371,121.260407
Area-100,(租11402)大竹路與仁和街口-3.往南竹路五段210巷(車),Center (中心點),(租11402)大竹路與仁和街口-3.往南竹路五段210巷(車),0.0,2100718021,25.026026,121.257171
Area-100,(租11402)大竹路與仁和街口-3.往南竹路五段210巷(車),Member (成員),(租11402)大竹路與仁和街口-4.往大竹北路15巷(車),51.18,2100718031,25.026196,121.256699
Area-100,(租11402)大竹路與仁和街口-3.往南竹路五段210巷(車),Member (成員),(租11402)大竹路與仁和街口-2.往大新路(車),52.76,2100718011,25.025773,121.256728
Area-100,(租11402)大竹路與仁和街口-3.往南竹路五段210巷(車),Member (成員),(租11402)大新路、大新一街口、新福街-4.往大興街(車),154.5,2100720031,25.024863,121.256332
Area-100,(租11402)大竹路與仁和街口-3.往南竹路五段210巷(車),Member (成員),(租11402)大新路、大新一街口、新福街-5.往國中巷(車),196.64,2100720041,25.024262,121.257309
Area-101,(租11402)大新路、大新一街口、新福街-6.往大新二街(車),Center (中心點),(租11402)大新路、大新一街口、新福街-6.往大新二街(車),0.0,2100720051,25.024359,121.256313
Area-101,(租11402)大新路、大新一街口、新福街-6.往大新二街(車),Member (成員),(租11401)大興十一街、大新三街-6.往大新路(車),179.02,2100805051,25.023157,121.255131
Area-101,(租11402)大新路、大新一街口、新福街-6.往大新二街(車),Member (成員),(租11401)大興十一街、大新三街-7.大興十三街往大興路(車),189.7,2100805061,25.023093,121.255051
Area-102,(租11401)大興十一街、大新一街-7.大興十一街往大新一街(車),Center (中心點),(租11401)大興十一街、大新一街-7.大興十一街往大新一街(車),0.0,2100804061,25.023808,121.258429
Area-102,(租11401)大興十一街、大新一街-7.大興十一街往大新一街(車),Member (成員),(租11401)大興十一街、大新一街-8.往國中巷(車),11.93,2100804071,25.023861,121.258532
Area-102,(租11401)大興十一街、大新一街-7.大興十一街往大新一街(車),Member (成員),(租11401)大興十一街、大新一街-6.新福街往大新一街(車),13.74,2100804051,25.023931,121.258442
Area-103,(租11402)文三一街、文三二街-7.往文三二街往大湖一路方向(車),Center (中心點),(租11402)文三一街、文三二街-7.往文三二街往大湖一路方向(車),0.0,2070794061,25.057751,121.360323
Area-104,(租11402)瑞安路二段(台4)(崁津大橋東端)-3.往瑞安路二段往勝利街(車),Center (中心點),(租11402)瑞安路二段(台4)(崁津大橋東端)-3.往瑞安路二段往勝利街(車),0.0,2030460021,24.873319,121.280747
Area-105,(租11401)中正路與同德十一街-5.中正路往莊敬路一段外車道(車),Center (中心點),(租11401)中正路與同德十一街-5.中正路往莊敬路一段外車道(車),0.0,2010010041,25.020899,121.296383
Area-105,(租11401)中正路與同德十一街-5.中正路往莊敬路一段外車道(車),Member (成員),(租11401)中正路與同德十一街-4.中正路往莊敬路一段內車道(車),2.71,2010010031,25.02089,121.296358
Area-105,(租11401)中正路與同德十一街-5.中正路往莊敬路一段外車道(車),Member (成員),(租11401)中正路與同德十一街-3.中正路往南平路外車道(車),44.59,2010010021,25.0205,121.296427
Area-105,(租11401)中正路與同德十一街-5.中正路往莊敬路一段外車道(車),Member (成員),(租11401)中正路與同德十一街-2.中正路往南平路內車道(車),44.53,2010010011,25.020503,121.296449
Area-105,(租11401)中正路與同德十一街-5.中正路往莊敬路一段外車道(車),Member (成員),(租11401)中正路與同德十一街-6.往同德十一街(車),67.44,2010010051,25.020461,121.29592
Area-105,(租11401)中正路與同德十一街-5.中正路往莊敬路一段外車道(車),Member (成員),(租11402)莊敬路、中正路-8.往中正路外車道往南平路(車),194.85,2010762071,25.022458,121.2955
Area-105,(租11401)中正路與同德十一街-5.中正路往莊敬路一段外車道(車),Member (成員),(租11402)莊敬路、中正路-7.往中正路內車道往南平路(車),197.78,2010762061,25.022482,121.295488
Area-106,(租11402)莊敬路、中正路-6.往莊一街往中埔七街(車),Center (中心點),(租11402)莊敬路、中正路-6.往莊一街往中埔七街(車),0.0,2010762051,25.022412,121.295142
Area-106,(租11402)莊敬路、中正路-6.往莊一街往中埔七街(車),Member (成員),(租11402)莊敬路、中正路(二)-3.往莊敬路二段往寶慶路(車),104.05,2010762121,25.023299,121.294813
Area-106,(租11402)莊敬路、中正路-6.往莊一街往中埔七街(車),Member (成員),(租11402)莊敬路、中正路-4.往中正路往中正北路內車道(車),149.32,2010762031,25.023753,121.295064
Area-106,(租11402)莊敬路、中正路-6.往莊一街往中埔七街(車),Member (成員),(租11402)莊敬路、中正路-5.往中正路往中正北路外車道(車),152.38,2010762041,25.02378,121.295052
Area-106,(租11402)莊敬路、中正路-6.往莊一街往中埔七街(車),Member (成員),(租11402)莊敬路、中正路-3.往莊敬路一段往同安街(車),142.21,2010762021,25.023609,121.295639
Area-106,(租11402)莊敬路、中正路-6.往莊一街往中埔七街(車),Member (成員),(租11401)莊敬路二段與32巷、34巷口-4.往莊敬路二段32巷9弄(車),151.78,2010029031,25.023419,121.294125
Area-106,(租11402)莊敬路、中正路-6.往莊一街往中埔七街(車),Member (成員),(租11401)莊敬路二段與32巷、34巷口-3.往莊敬路二段34巷往敬二街(車),131.67,2010029021,25.02317,121.294138
Area-107,(租11401)莊一街、寶慶路、敬三街與瑞慶路口-6.往瑞慶路往永安北路(車),Center (中心點),(租11401)莊一街、寶慶路、敬三街與瑞慶路口-6.往瑞慶路往永安北路(車),0.0,2010081051,25.019437,121.291119
Area-107,(租11401)莊一街、寶慶路、敬三街與瑞慶路口-6.往瑞慶路往永安北路(車),Member (成員),(租11401)莊一街、寶慶路、敬三街與瑞慶路口-8.往明德街往安慶街(車),13.0,2010081071,25.019335,121.291056
Area-107,(租11401)莊一街、寶慶路、敬三街與瑞慶路口-6.往瑞慶路往永安北路(車),Member (成員),(租11401)莊一街、寶慶路、敬三街與瑞慶路口-7.往敬三街往莊敬路二段(車),14.73,2010081061,25.019501,121.290991
Area-107,(租11401)莊一街、寶慶路、敬三街與瑞慶路口-6.往瑞慶路往永安北路(車),Member (成員),(租11401)莊一街、寶慶路、敬三街與瑞慶路口-5.往瑞慶路(車),47.3,2010081041,25.019277,121.290684
Area-108,(租11402)同德十街、中寧街與中埔六街口-3.往同德十一街(車),Center (中心點),(租11402)同德十街、中寧街與中埔六街口-3.往同德十一街(車),0.0,2010063021,25.018324,121.295197
Area-108,(租11402)同德十街、中寧街與中埔六街口-3.往同德十一街(車),Member (成員),(租11402)同德十街、中寧街與中埔六街口-4.往中正路(車),66.0,2010063031,25.01813,121.295816
Area-109,(租11401)同安街與同安街496巷口 (延伸新埔七街)-3.往同安街往莊敬路一段(車),Center (中心點),(租11401)同安街與同安街496巷口 (延伸新埔七街)-3.往同安街往莊敬路一段(車),0.0,2010062021,25.021154,121.299811
Area-109,(租11401)同安街與同安街496巷口 (延伸新埔七街)-3.往同安街往莊敬路一段(車),Member (成員),(租11401)同安街與同安街496巷口 (延伸新埔七街)-4.往新埔七街往天祥七街(車),93.45,2010062031,25.021686,121.300529
Area-110,(租11402)經國路、水岸二街、經國二路口-2.往水岸二街往經國路(車),Center (中心點),(租11402)經國路、水岸二街、經國二路口-2.往水岸二街往經國路(車),0.0,2010810011,25.027383,121.29985
Area-110,(租11402)經國路、水岸二街、經國二路口-2.往水岸二街往經國路(車),Member (成員),(租11402)經國路、水岸二街、經國二路口-1.往水岸二街往經國二路(車),51.83,2010810001,25.027349,121.299337
Area-110,(租11402)經國路、水岸二街、經國二路口-2.往水岸二街往經國路(車),Member (成員),(租11402)經國路、幸福路(二)-5.往幸福路往經國二路(車),145.06,2010759141,25.02823,121.298755
Area-110,(租11402)經國路、水岸二街、經國二路口-2.往水岸二街往經國路(車),Member (成員),(租11402)經國路、幸福路(二)-4.往經國一路(車),144.96,2010759131,25.028623,121.299406
Area-110,(租11402)經國路、水岸二街、經國二路口-2.往水岸二街往經國路(車),Member (成員),(租11402)經國路、幸福路-3.往經國路內車道往新南路二段(車),185.64,2010759021,25.028867,121.300694
Area-110,(租11402)經國路、水岸二街、經國二路口-2.往水岸二街往經國路(車),Member (成員),(租11402)經國路、幸福路-4.往經國路外車道往新南路二段(車),189.32,2010759031,25.028906,121.30069
Area-110,(租11402)經國路、水岸二街、經國二路口-2.往水岸二街往經國路(車),Member (成員),(租11402)經國路、幸福路-5.往幸福路往春日路(車),184.26,2010759041,25.028416,121.30128
Area-110,(租11402)經國路、水岸二街、經國二路口-2.往水岸二街往經國路(車),Member (成員),(租11402)經國路、幸福路-6.往經國路內車道往水岸二街(車),97.71,2010759051,25.027629,121.300781
Area-111,(租11402)成功南路、大功路、塔腳路口-4.往文學路(車),Center (中心點),(租11402)成功南路、大功路、塔腳路口-4.往文學路(車),0.0,2020823031,25.048684,121.148394
Area-111,(租11402)成功南路、大功路、塔腳路口-4.往文學路(車),Member (成員),(租11402)成功南路、大功路、塔腳路口-2.往廣大路(車),75.68,2020823011,25.048297,121.149012
Area-112,(租11402)新生路、四維路、草新路口-3.往草新一路(車),Center (中心點),(租11402)新生路、四維路、草新路口-3.往草新一路(車),0.0,2020824021,25.044161,121.143488
Area-112,(租11402)新生路、四維路、草新路口-3.往草新一路(車),Member (成員),(租11402)新生路、四維路、草新路口-5.往二聖路(車),36.87,2020824041,25.043892,121.143274
Area-112,(租11402)新生路、四維路、草新路口-3.往草新一路(車),Member (成員),(租11402)新生路、四維路、草新路口-4.往四維一街(車),45.76,2020824031,25.044088,121.143041
Area-112,(租11402)新生路、四維路、草新路口-3.往草新一路(車),Member (成員),(租11402)新生路、四維路、草新路口-2.往四維二街(車),42.93,2020824011,25.044403,121.143156
Area-113,(租11401)忠孝路111巷、富國街口-5.富國街往四維路(車),Center (中心點),(租11401)忠孝路111巷、富國街口-5.富國街往四維路(車),0.0,2020324041,25.047741,121.140324
Area-113,(租11401)忠孝路111巷、富國街口-5.富國街往四維路(車),Member (成員),(租11401)忠孝路111巷、富國街口-6.往尾厝路(車),37.42,2020324051,25.048071,121.140397
Area-113,(租11401)忠孝路111巷、富國街口-5.富國街往四維路(車),Member (成員),(租11401)忠孝路111巷、富國街口-4.富安街往四維路(車),41.64,2020324031,25.04797,121.139997
Area-113,(租11401)忠孝路111巷、富國街口-5.富國街往四維路(車),Member (成員),(租11401)忠孝路111巷、富國街口-7.往忠孝路(車),70.88,2020324061,25.048344,121.140096
Area-113,(租11401)忠孝路111巷、富國街口-5.富國街往四維路(車),Member (成員),(租11401)忠孝路111巷、富國街口-2.往莊敬路(車),108.53,2020324011,25.048511,121.139662
Area-113,(租11401)忠孝路111巷、富國街口-5.富國街往四維路(車),Member (成員),(租11401)忠孝路111巷、富國街口-3.富平街往四維路(車),98.16,2020324021,25.048122,121.139445
Area-114,(租11402)莊敬路與莊三街口-4.往福德街(車),Center (中心點),(租11402)莊敬路與莊三街口-4.往福德街(車),0.0,2021079031,25.04679,121.137762
Area-114,(租11402)莊敬路與莊三街口-4.往福德街(車),Member (成員),(租11402)莊敬路與莊三街口-2.往長安路(車),48.15,2021079011,25.046928,121.137309
Area-114,(租11402)莊敬路與莊三街口-4.往福德街(車),Member (成員),(租11402)莊敬路與莊三街口-3.往福祥街(車),67.02,2021079021,25.047212,121.137287
Area-115,(租11401)大觀路二段、莊敬路、七賢路口-4.往長興路(車),Center (中心點),(租11401)大觀路二段、莊敬路、七賢路口-4.往長興路(車),0.0,2020305031,25.041827,121.13437
Area-115,(租11401)大觀路二段、莊敬路、七賢路口-4.往長興路(車),Member (成員),(租11401)大觀路二段、莊敬路、七賢路口-3.往觀音(車),45.81,2020305021,25.041415,121.134374
Area-115,(租11401)大觀路二段、莊敬路、七賢路口-4.往長興路(車),Member (成員),(租11401)大觀路二段、莊敬路、七賢路口-2.往八德街(車),67.29,2020305011,25.04135,121.134781
Area-115,(租11401)大觀路二段、莊敬路、七賢路口-4.往長興路(車),Member (成員),(租11401)大觀路二段、莊敬路、七賢路口-5.往六合街(車),54.7,2020305041,25.041617,121.134861
Area-115,(租11401)大觀路二段、莊敬路、七賢路口-4.往長興路(車),Member (成員),(租11402)七賢路、聖心路、八德街口-2.往八德一街(車),185.74,2020822011,25.040525,121.135525
Area-115,(租11401)大觀路二段、莊敬路、七賢路口-4.往長興路(車),Member (成員),(租11402)七賢路、聖心路、八德街口-4.往民族一路(車),192.48,2020822031,25.040178,121.134951
Area-116,(租11402)七賢路、聖心路、八德街口-3.往二聖路(車),Center (中心點),(租11402)七賢路、聖心路、八德街口-3.往二聖路(車),0.0,2020822021,25.040278,121.135535
Area-117,(租11402)大觀路三段與民族一路口-4.往莊敬路(車),Center (中心點),(租11402)大觀路三段與民族一路口-4.往莊敬路(車),0.0,2021080031,25.039227,121.130892
Area-117,(租11402)大觀路三段與民族一路口-4.往莊敬路(車),Member (成員),(租11402)大觀路三段與民族一路口-3.往一心路(車),26.28,2021080021,25.038994,121.130848
Area-117,(租11402)大觀路三段與民族一路口-4.往莊敬路(車),Member (成員),(租11402)大觀路三段與民族一路口-2.往民族路(車),35.47,2021080011,25.039313,121.130553
Area-118,(租11402)民族路與民族一路、一心路口-7.往民族路753巷(車),Center (中心點),(租11402)民族路與民族一路、一心路口-7.往民族路753巷(車),0.0,2020966061,25.03964,121.127646
Area-118,(租11402)民族路與民族一路、一心路口-7.往民族路753巷(車),Member (成員),(租11402)民族路與民族一路、一心路口-3.往民族路753巷(車),1.65,2020966021,25.039649,121.127633
Area-118,(租11402)民族路與民族一路、一心路口-7.往民族路753巷(車),Member (成員),(租11402)民族路與民族一路、一心路口-4.往大觀路三段(車),49.69,2020966031,25.039196,121.12759
Area-118,(租11402)民族路與民族一路、一心路口-7.往民族路753巷(車),Member (成員),(租11402)民族路與民族一路、一心路口-6.往富春路(車),54.16,2020966051,25.039584,121.127112
Area-118,(租11402)民族路與民族一路、一心路口-7.往民族路753巷(車),Member (成員),(租11402)民族路與民族一路、一心路口-5.往大觀路三段(車),91.31,2020966041,25.039228,121.126862
Area-119,(租11402)民族一路與一心路口-2.往八德街(車),Center (中心點),(租11402)民族一路與一心路口-2.往八德街(車),0.0,2020821011,25.036712,121.13248
Area-119,(租11402)民族一路與一心路口-2.往八德街(車),Member (成員),(租11402)民族一路與一心路口-5.一心路往大觀路三段外車道(車),49.78,2020821041,25.036266,121.132523
Area-119,(租11402)民族一路與一心路口-2.往八德街(車),Member (成員),(租11402)民族一路與一心路口-6.一心路往大觀路三段內車道(車),51.54,2020821051,25.036251,121.132533
Area-119,(租11402)民族一路與一心路口-2.往八德街(車),Member (成員),(租11402)民族一路與一心路口-3.一心路往二聖路內車道(車),58.13,2020821021,25.036386,121.132931
Area-119,(租11402)民族一路與一心路口-2.往八德街(車),Member (成員),(租11402)民族一路與一心路口-4.一心路往二聖路外車道(車),60.09,2020821031,25.036377,121.132948
Area-119,(租11402)民族一路與一心路口-2.往八德街(車),Member (成員),(租11402)民族一路與一心路口-7.往富坡路(車),113.98,2020821061,25.035851,121.133094
Area-120,(租11402)大觀路三段與文林路口-3.往大園(車),Center (中心點),(租11402)大觀路三段與文林路口-3.往大園(車),0.0,2020788121,25.036155,121.117513
Area-120,(租11402)大觀路三段與文林路口-3.往大園(車),Member (成員),(租11402)大觀路三段與文林路口-4.往新坡(車),29.79,2020788131,25.03599,121.11728
Area-121,(租11401)中山路一段1132、1150巷口-4.往中山路一段1150巷(車),Center (中心點),(租11401)中山路一段1132、1150巷口-4.往中山路一段1150巷(車),0.0,2020308031,25.027343,121.10925
Area-121,(租11401)中山路一段1132、1150巷口-4.往中山路一段1150巷(車),Member (成員),(租11401)中山路一段1132、1150巷口-3.往中山路一段1012巷(車),63.59,2020308021,25.027331,121.108619
Area-122,(租11401)中山路一段、871巷口-3.往濱海路(車),Center (中心點),(租11401)中山路一段、871巷口-3.往濱海路(車),0.0,2020307021,25.031281,121.103149
Area-123,(租11401)廣玉路243號前路口-4.廣玉路往成功路二段(車),Center (中心點),(租11401)廣玉路243號前路口-4.廣玉路往成功路二段(車),0.0,2020336031,25.03548,121.101747
Area-123,(租11401)廣玉路243號前路口-4.廣玉路往成功路二段(車),Member (成員),(租11401)廣玉路243號前路口-2.往玉林路一段(車),42.58,2020336011,25.035792,121.101502
Area-123,(租11401)廣玉路243號前路口-4.廣玉路往成功路二段(車),Member (成員),(租11401)廣玉路243號前路口-3.廣玉路246巷往成功路二段(車),48.46,2020336021,25.035915,121.101717
Area-124,(租11401)坑尾一路與坑尾二路口-2.往中山路(車),Center (中心點),(租11401)坑尾一路與坑尾二路口-2.往中山路(車),0.0,2020361011,25.025313,121.093145
Area-124,(租11401)坑尾一路與坑尾二路口-2.往中山路(車),Member (成員),(租11401)坑尾一路與坑尾二路口-3.往金橋路(車),14.36,2020361021,25.0252,121.093076
Area-124,(租11401)坑尾一路與坑尾二路口-2.往中山路(車),Member (成員),(租11401)坑尾一路與坑尾二路口-5.往濱海路(車),58.2,2020361041,25.025575,121.092645
Area-124,(租11401)坑尾一路與坑尾二路口-2.往中山路(車),Member (成員),(租11401)坑尾一路與坑尾二路口-4.往文化路(車),25.85,2020361031,25.025265,121.092894
Area-125,(租11401)白玉一路、白玉二路與自強五街口-5.白玉二路往桃科五路(車),Center (中心點),(租11401)白玉一路、白玉二路與自強五街口-5.白玉二路往桃科五路(車),0.0,2020859041,25.045127,121.08287
Area-125,(租11401)白玉一路、白玉二路與自強五街口-5.白玉二路往桃科五路(車),Member (成員),(租11401)白玉一路、白玉二路與自強五街口-4.自強五街往桃科五路(車),70.85,2020859031,25.044828,121.083491
Area-125,(租11401)白玉一路、白玉二路與自強五街口-5.白玉二路往桃科五路(車),Member (成員),(租11401)白玉一路、白玉二路與自強五街口-3.往自強一路(車),102.5,2020859021,25.044509,121.083625
Area-125,(租11401)白玉一路、白玉二路與自強五街口-5.白玉二路往桃科五路(車),Member (成員),(租11401)自強一路與桃科五路口-4.往自強五路(車),149.92,2020858031,25.044773,121.084306
Area-125,(租11401)白玉一路、白玉二路與自強五街口-5.白玉二路往桃科五路(車),Member (成員),(租11401)自強一路與桃科五路口-3.往白玉一路(車),169.91,2020858021,25.044564,121.084438
Area-125,(租11401)白玉一路、白玉二路與自強五街口-5.白玉二路往桃科五路(車),Member (成員),(租11401)自強一路與桃科五路口-6.往桃科六路(車),189.31,2020858051,25.0451,121.084749
Area-125,(租11401)白玉一路、白玉二路與自強五街口-5.白玉二路往桃科五路(車),Member (成員),(租11401)自強一路與桃科五路口-5.往白玉二路(車),133.15,2020858041,25.045204,121.084189
Area-126,(租11401)桃科七路與白玉二路口-2.往桃科六路(車),Center (中心點),(租11401)桃科七路與白玉二路口-2.往桃科六路(車),0.0,2020857011,25.047488,121.085838
Area-126,(租11401)桃科七路與白玉二路口-2.往桃科六路(車),Member (成員),(租11401)桃科七路與白玉二路口-3.往白玉三路(車),32.09,2020857021,25.047749,121.085974
Area-126,(租11401)桃科七路與白玉二路口-2.往桃科六路(車),Member (成員),(租11401)桃科七路與白玉二路口-4.往自強六街(車),49.37,2020857031,25.047676,121.086282
Area-126,(租11401)桃科七路與白玉二路口-2.往桃科六路(車),Member (成員),(租11401)桃科七路與白玉二路口-5.往自強二路(車),34.47,2020857041,25.047453,121.086178
Area-127,(租11402)玉林路一段與桃科六路口-2.往白玉三路(車),Center (中心點),(租11402)玉林路一段與桃科六路口-2.往白玉三路(車),0.0,2021069011,25.043427,121.08872
Area-127,(租11402)玉林路一段與桃科六路口-2.往白玉三路(車),Member (成員),(租11402)玉林路一段與桃科六路口-3.往中興路(車),71.59,2021069021,25.04289,121.088328
Area-128,(租11402)信義路145、156巷口-2.往中正路(車),Center (中心點),(租11402)信義路145、156巷口-2.往中正路(車),0.0,2020368011,25.035256,121.077574
Area-128,(租11402)信義路145、156巷口-2.往中正路(車),Member (成員),(租11402)信義路145、156巷口-4.往信義路(車),101.6,2020368031,25.035825,121.076785
Area-128,(租11402)信義路145、156巷口-2.往中正路(車),Member (成員),(租11402)信義路145、156巷口-3.往桃科一路(車),113.06,2020368021,25.035168,121.076456
Area-129,(租11401)文化路與觀和路口-2.往中正路(車),Center (中心點),(租11401)文化路與觀和路口-2.往中正路(車),0.0,2020349011,25.029482,121.08444
Area-129,(租11401)文化路與觀和路口-2.往中正路(車),Member (成員),(租11401)文化路與觀和路口-3.往廣興一路(車),31.29,2020349021,25.029324,121.084697
Area-129,(租11401)文化路與觀和路口-2.往中正路(車),Member (成員),(租11401)文化路與觀新路-1.往濱海路廣興段(車),171.45,2020349111,25.02806,121.085098
Area-130,(租11402)保興路一段220號旁路口-4.往中山路(車),Center (中心點),(租11402)保興路一段220號旁路口-4.往中山路(車),0.0,2020393031,25.02709,121.087334
Area-130,(租11402)保興路一段220號旁路口-4.往中山路(車),Member (成員),(租11402)保興路一段220號旁路口-3.往濱海路(車),54.69,2020393021,25.027208,121.087861
Area-131,(租11402)文化路坑尾段與188巷口-2.往觀音大溪線(車),Center (中心點),(租11402)文化路坑尾段與188巷口-2.往觀音大溪線(車),0.0,2021061011,25.021801,121.089978
Area-132,(租11401)橫圳路與817巷口-4.往桃94(車),Center (中心點),(租11401)橫圳路與817巷口-4.往桃94(車),0.0,2020337031,25.019647,121.083493
Area-132,(租11401)橫圳路與817巷口-4.往桃94(車),Member (成員),(租11401)橫圳路與817巷口-3.往保興路二段(車),49.42,2020337021,25.019276,121.083223
Area-132,(租11401)橫圳路與817巷口-4.往桃94(車),Member (成員),(租11401)橫圳路與817巷口-2.往台66(車),59.94,2020337011,25.01916,121.083238
Area-132,(租11401)橫圳路與817巷口-4.往桃94(車),Member (成員),(租11401)橫圳路與817巷口-5.往新興里(車),70.5,2020337041,25.019058,121.083752
Area-133,(租11401)文化路坑尾段、三座路口-4.三座路往台66(車),Center (中心點),(租11401)文化路坑尾段、三座路口-4.三座路往台66(車),0.0,2020311031,25.015838,121.092696
Area-133,(租11401)文化路坑尾段、三座路口-4.三座路往台66(車),Member (成員),(租11401)文化路坑尾段、三座路口-3.文化路石橋段往台66(車),29.83,2020311021,25.015843,121.092992
Area-133,(租11401)文化路坑尾段、三座路口-4.三座路往台66(車),Member (成員),(租11401)文化路坑尾段、三座路口-2.往坑尾里8鄰(車),100.49,2020311011,25.0164,121.093477
Area-134,(租11402)文化路石橋段與187巷口-5.往三座路(車),Center (中心點),(租11402)文化路石橋段與187巷口-5.往三座路(車),0.0,2021062041,25.012353,121.093599
Area-134,(租11402)文化路石橋段與187巷口-5.往三座路(車),Member (成員),(租11402)文化路石橋段與187巷口-2.往金橋路育仁段(車),21.72,2021062011,25.012247,121.09378
Area-134,(租11402)文化路石橋段與187巷口-5.往三座路(車),Member (成員),(租11402)文化路石橋段與187巷口-3.往金橋路新興段(車),49.73,2021062021,25.011907,121.093636
Area-134,(租11402)文化路石橋段與187巷口-5.往三座路(車),Member (成員),(租11402)文化路石橋段與187巷口-4.往橫圳路(車),67.48,2021062031,25.011778,121.093385
Area-135,(租11402)金橋路育仁段121巷與122巷口-4.往文化路石橋段1巷(車),Center (中心點),(租11402)金橋路育仁段121巷與122巷口-4.往文化路石橋段1巷(車),0.0,2021063031,25.010861,121.099303
Area-135,(租11402)金橋路育仁段121巷與122巷口-4.往文化路石橋段1巷(車),Member (成員),(租11402)金橋路育仁段121巷與122巷口-3.往文化路石橋段(車),11.92,2021063021,25.010754,121.09931
Area-135,(租11402)金橋路育仁段121巷與122巷口-4.往文化路石橋段1巷(車),Member (成員),(租11402)金橋路育仁段121巷與122巷口-2.往育仁路二段270巷(車),20.54,2021063011,25.010735,121.099452
Area-135,(租11402)金橋路育仁段121巷與122巷口-4.往文化路石橋段1巷(車),Member (成員),(租11402)金橋路育仁段121巷與122巷口-5.往育仁路二段(車),16.14,2021063041,25.010894,121.099459
Area-136,(租11402)育仁路一段670號前路口-4.往文化路(車),Center (中心點),(租11402)育仁路一段670號前路口-4.往文化路(車),0.0,2020362031,25.01982,121.101771
Area-136,(租11402)育仁路一段670號前路口-4.往文化路(車),Member (成員),(租11402)育仁路一段670號前路口-3.往海濱路(車),45.85,2020362021,25.020232,121.101753
Area-136,(租11402)育仁路一段670號前路口-4.往文化路(車),Member (成員),(租11402)育仁路一段670號前路口-2.往中山路(車),74.29,2020362011,25.020472,121.101932
Area-137,(租11402)桃鶯路、建國路(一)-5.往桃鶯路往鶯歌(車),Center (中心點),(租11402)桃鶯路、建國路(一)-5.往桃鶯路往鶯歌(車),0.0,2010769041,24.98585,121.31802
Area-137,(租11402)桃鶯路、建國路(一)-5.往桃鶯路往鶯歌(車),Member (成員),(租11402)桃鶯路、建國路(一)-6.往建國路往延平路(車),43.42,2010769051,24.98597,121.31761
Area-137,(租11402)桃鶯路、建國路(一)-5.往桃鶯路往鶯歌(車),Member (成員),(租11402)桃鶯路、建國路(二)-2.往南京街往建國路(車),93.36,2010769111,24.986543,121.317497
Area-137,(租11402)桃鶯路、建國路(一)-5.往桃鶯路往鶯歌(車),Member (成員),(租11402)桃鶯路、建國路(二)-3.往建成街往建國路(車),153.29,2010769121,24.987124,121.317439
Area-137,(租11402)桃鶯路、建國路(一)-5.往桃鶯路往鶯歌(車),Member (成員),(租11402)建國東路(含9巷、15巷)與興隆路口-4.往建國東路87巷(車),104.72,2010070031,24.986441,121.318829
Area-137,(租11402)桃鶯路、建國路(一)-5.往桃鶯路往鶯歌(車),Member (成員),(租11402)建國東路(含9巷、15巷)與興隆路口-7.往建國東路15巷(車),124.58,2010070061,24.986232,121.319182
Area-137,(租11402)桃鶯路、建國路(一)-5.往桃鶯路往鶯歌(車),Member (成員),(租11402)建國東路(含9巷、15巷)與興隆路口-6.往聯邦路(車),128.63,2010070051,24.986096,121.319267
Area-137,(租11402)桃鶯路、建國路(一)-5.往桃鶯路往鶯歌(車),Member (成員),(租11402)建國東路(含9巷、15巷)與興隆路口-5.往桃鶯路249巷(車),109.07,2010070041,24.985434,121.319
Area-138,(租11402)桃鶯路、建國路(二)-4.往桃鶯路87巷往建國東路9巷(車),Center (中心點),(租11402)桃鶯路、建國路(二)-4.往桃鶯路87巷往建國東路9巷(車),0.0,2010769131,24.98777,121.318093
Area-138,(租11402)桃鶯路、建國路(二)-4.往桃鶯路87巷往建國東路9巷(車),Member (成員),(租11402)桃鶯路、建國路(二)-5.往桃鶯路往春日路(車),20.16,2010769141,24.98789,121.317943
Area-139,(租11401)金門四街與昆明街101巷口-4.往金門四街往昆明路(車),Center (中心點),(租11401)金門四街與昆明街101巷口-4.往金門四街往昆明路(車),0.0,2010024031,24.983292,121.313877
Area-139,(租11401)金門四街與昆明街101巷口-4.往金門四街往昆明路(車),Member (成員),(租11401)金門四街與昆明街101巷口-3.往昆明路101巷(車),54.81,2010024021,24.982815,121.314014
Area-139,(租11401)金門四街與昆明街101巷口-4.往金門四街往昆明路(車),Member (成員),(租11401)金門四街與昆明街101巷口-5.往金門四街往金門二街(車),143.88,2010024041,24.982,121.313799
Area-139,(租11401)金門四街與昆明街101巷口-4.往金門四街往昆明路(車),Member (成員),(租11401)延平路與金門二街口-4.往金門二街往金門四街(車),199.99,2010022031,24.981518,121.314204
Area-139,(租11401)金門四街與昆明街101巷口-4.往金門四街往昆明路(車),Member (成員),(租11401)延平路與金門二街口-2.往延平路往昆明路(車),183.42,2010022011,24.981872,121.314803
Area-139,(租11401)金門四街與昆明街101巷口-4.往金門四街往昆明路(車),Member (成員),(租11401)金門二街、建華三街、昆明路與樹林四街口-5.往建華三街往建新街(車),125.46,2010023041,24.982485,121.313007
Area-139,(租11401)金門四街與昆明街101巷口-4.往金門四街往昆明路(車),Member (成員),(租11401)金門二街、建華三街、昆明路與樹林四街口-7.往樹林四街185巷(車),71.08,2010023061,24.983468,121.313199
Area-139,(租11401)金門四街與昆明街101巷口-4.往金門四街往昆明路(車),Member (成員),(租11401)金門二街、建華三街、昆明路與樹林四街口-6.往樹林四街往昆明路(車),64.72,2010023051,24.983636,121.313359
Area-140,(租11401)延平路與金門二街口-5.往金門一街往大豐路206巷(車),Center (中心點),(租11401)延平路與金門二街口-5.往金門一街往大豐路206巷(車),0.0,2010022041,24.981018,121.314495
Area-140,(租11401)延平路與金門二街口-5.往金門一街往大豐路206巷(車),Member (成員),(租11401)延平路與金門二街口-3.往金門二街往樹林九街(車),99.62,2010022021,24.981615,121.315232
Area-140,(租11401)延平路與金門二街口-5.往金門一街往大豐路206巷(車),Member (成員),(租11401)金門二街、建華三街、昆明路與樹林四街口-4.往樹林四街往大豐路(車),145.76,2010023031,24.981537,121.313167
Area-141,(租11401)大豐路與樹林八街口-3.往樹林九街(車),Center (中心點),(租11401)大豐路與樹林八街口-3.往樹林九街(車),0.0,2010005021,24.980696,121.316695
Area-141,(租11401)大豐路與樹林八街口-3.往樹林九街(車),Member (成員),(租11401)大豐路與樹林八街口-4.往大豐街(車),34.2,2010005031,24.980433,121.316519
Area-141,(租11401)大豐路與樹林八街口-3.往樹林九街(車),Member (成員),(租11401)大豐路與樹林八街口-5.往大豐街往桃鶯路方向(車),48.77,2010005041,24.980469,121.317109
Area-141,(租11401)大豐路與樹林八街口-3.往樹林九街(車),Member (成員),(租11401)樹林八街19巷與樹林八街口-3.往樹林八街19巷往大明街(車),105.24,2010037021,24.979839,121.317138
Area-141,(租11401)大豐路與樹林八街口-3.往樹林九街(車),Member (成員),(租11401)樹林八街19巷與樹林八街口-4.往樹林八街往樹仁一街(車),151.05,2010037031,24.979361,121.316972
Area-141,(租11401)大豐路與樹林八街口-3.往樹林九街(車),Member (成員),(租11401)樹林八街19巷與樹林八街口-2.往樹林七街13巷往樹仁七街(車),97.54,2010037011,24.979826,121.316571
Area-142,(租11402)樹仁一街與樹林三、四街口-4.往延平路(車),Center (中心點),(租11402)樹仁一街與樹林三、四街口-4.往延平路(車),0.0,2010089031,24.978965,121.313731
Area-142,(租11402)樹仁一街與樹林三、四街口-4.往延平路(車),Member (成員),(租11402)樹仁一街與樹林三、四街口-5.往樹仁二街26巷(車),64.12,2010089041,24.9791871563195,121.313143926884
Area-142,(租11402)樹仁一街與樹林三、四街口-4.往延平路(車),Member (成員),(租11402)樹仁一街與樹林三、四街口-3.往建新街(車),152.13,2010089021,24.978991,121.312222
Area-143,(租11401)樹仁三街與建新街463巷口-5.往樹仁二街(車),Center (中心點),(租11401)樹仁三街與建新街463巷口-5.往樹仁二街(車),0.0,2010090041,24.974975,121.311972
Area-143,(租11401)樹仁三街與建新街463巷口-5.往樹仁二街(車),Member (成員),(租11401)樹仁三街與建新街463巷口-3.往建新街463巷(車),64.32,2010090021,24.974463,121.311675
Area-143,(租11401)樹仁三街與建新街463巷口-5.往樹仁二街(車),Member (成員),(租11401)樹仁三街與建新街463巷口-4.往延平路(車),83.04,2010090031,24.974515,121.312621
Area-143,(租11401)樹仁三街與建新街463巷口-5.往樹仁二街(車),Member (成員),(租11401)樹仁三街與建新街463巷口-6.往國二高架橋下(車),138.07,2010090051,24.974705,121.310635
Area-144,(租11401)介壽路一段與思源街口 (延伸國道2號橋下)-5.往東勇北街(車),Center (中心點),(租11401)介壽路一段與思源街口 (延伸國道2號橋下)-5.往東勇北街(車),0.0,2080595041,24.974115,121.303126
Area-144,(租11401)介壽路一段與思源街口 (延伸國道2號橋下)-5.往東勇北街(車),Member (成員),(租11401)介壽路一段與思源街口 (延伸國道2號橋下)-6.往桃德路(車),139.91,2080595051,24.974675,121.301883
Area-144,(租11401)介壽路一段與思源街口 (延伸國道2號橋下)-5.往東勇北街(車),Member (成員),(租11401)介壽路一段與思源街口 (延伸國道2號橋下)-4.往天祥街116巷(車),172.79,2080595031,24.973044,121.301884
Area-145,(租11401)介壽路一段與思源街口 (延伸國道2號橋下)-2.往大福街(車),Center (中心點),(租11401)介壽路一段與思源街口 (延伸國道2號橋下)-2.往大福街(車),0.0,2080595011,24.972644,121.301664
Area-145,(租11401)介壽路一段與思源街口 (延伸國道2號橋下)-2.往大福街(車),Member (成員),(租11401)介壽路一段與思源街口 (延伸國道2號橋下)-3.往青溪街(車),13.08,2080595021,24.972537,121.30161
Area-146,(租11402)新生路與72、92、108、169巷口-6.往文林社區(車),Center (中心點),(租11402)新生路與72、92、108、169巷口-6.往文林社區(車),0.0,2020381051,25.063816,121.199837
Area-146,(租11402)新生路與72、92、108、169巷口-6.往文林社區(車),Member (成員),(租11402)新生路與72、92、108、169巷口-5.往文林社區(車),46.81,2020381041,25.064154,121.19956
Area-146,(租11402)新生路與72、92、108、169巷口-6.往文林社區(車),Member (成員),(租11402)新生路與72、92、108、169巷口-4.往中興街(車),110.81,2020381031,25.0648,121.199663
Area-146,(租11402)新生路與72、92、108、169巷口-6.往文林社區(車),Member (成員),(租11402)新生路與72、92、108、169巷口-3.往文林社區(車),134.94,2020381021,25.065024,121.199965
Area-146,(租11402)新生路與72、92、108、169巷口-6.往文林社區(車),Member (成員),(租11402)新生路與忠孝一街、忠孝三街、50巷口-8.往中興路(車),170.91,2020382071,25.065251,121.199229
Area-146,(租11402)新生路與72、92、108、169巷口-6.往文林社區(車),Member (成員),(租11401)中正東路、中興街與中正一街口-3.往菓林路(車),122.08,2020344021,25.06273,121.199659
Area-146,(租11402)新生路與72、92、108、169巷口-6.往文林社區(車),Member (成員),(租11402)新生路與72、92、108、169巷口-7.往文林社區(車),132.65,2020381061,25.063528,121.201115
Area-147,(租11402)新生路與忠孝一街、忠孝三街、50巷口-7.往中興路(車),Center (中心點),(租11402)新生路與忠孝一街、忠孝三街、50巷口-7.往中興路(車),0.0,2020382061,25.065648,121.198795
Area-147,(租11402)新生路與忠孝一街、忠孝三街、50巷口-7.往中興路(車),Member (成員),(租11402)新生路與忠孝一街、忠孝三街、50巷口-6.往中興路(車),68.1,2020382051,25.066259,121.198748
Area-147,(租11402)新生路與忠孝一街、忠孝三街、50巷口-7.往中興路(車),Member (成員),(租11402)新生路與忠孝一街、忠孝三街、50巷口-5.往信義路(車),90.91,2020382041,25.066445,121.198996
Area-147,(租11402)新生路與忠孝一街、忠孝三街、50巷口-7.往中興路(車),Member (成員),(租11402)新生路與忠孝一街、忠孝三街、50巷口-4.往信義路(車),79.98,2020382031,25.066094,121.199418
Area-147,(租11402)新生路與忠孝一街、忠孝三街、50巷口-7.往中興路(車),Member (成員),(租11401)中山北路、中山北路73巷-4.往中華路(車),154.14,2020784031,25.065964,121.197305
Area-147,(租11402)新生路與忠孝一街、忠孝三街、50巷口-7.往中興路(車),Member (成員),(租11401)中山北路、中山北路73巷-5.往中山北路(車),184.68,2020784041,25.066068,121.197021
Area-148,(租11401)中山北路、中山北路73巷-6.往大觀路(車),Center (中心點),(租11401)中山北路、中山北路73巷-6.往大觀路(車),0.0,2020784051,25.064951,121.196735
Area-149,(租11402)新興路、華中街口-5.往敏盛醫院(車),Center (中心點),(租11402)新興路、華中街口-5.往敏盛醫院(車),0.0,2020387041,25.062026,121.195466
Area-149,(租11402)新興路、華中街口-5.往敏盛醫院(車),Member (成員),(租11402)新興路、華中街口-4.往中正西路(車),41.15,2020387031,25.062092,121.195064
Area-149,(租11402)新興路、華中街口-5.往敏盛醫院(車),Member (成員),(租11402)新興路、華中街口-3.往華興路(車),55.99,2020387021,25.061883,121.194933
Area-149,(租11402)新興路、華中街口-5.往敏盛醫院(車),Member (成員),(租11402)新興路、華中街口-7.往華興路(車),93.75,2020387061,25.061239,121.195132
Area-149,(租11402)新興路、華中街口-5.往敏盛醫院(車),Member (成員),(租11402)新興路、華中街口-6.往和平西路(車),122.87,2020387051,25.060921,121.195463
Area-150,(租11402)新興路、長興街口-3.往仁德路(車),Center (中心點),(租11402)新興路、長興街口-3.往仁德路(車),0.0,2020386021,25.059048,121.196245
Area-150,(租11402)新興路、長興街口-3.往仁德路(車),Member (成員),(租11402)新興路、長興街口-4.往仁愛路(車),86.65,2020386031,25.058291,121.196449
Area-150,(租11402)新興路、長興街口-3.往仁德路(車),Member (成員),(租11402)新興路、長興街口-5.往華興路(車),118.5,2020386041,25.058004,121.196009
Area-150,(租11402)新興路、長興街口-3.往仁德路(車),Member (成員),(租11401)和平西路與新興路口-3.往長興街(車),176.36,2020785121,25.057492,121.196584
Area-150,(租11402)新興路、長興街口-3.往仁德路(車),Member (成員),(租11402)華興路、華興池路口-4.往大觀路151巷(車),149.42,2020377031,25.058305,121.195009
Area-151,(租11401)和平西路與新興路口-2.往華興路(車),Center (中心點),(租11401)和平西路與新興路口-2.往華興路(車),0.0,2020785111,25.056832,121.196197
Area-151,(租11401)和平西路與新興路口-2.往華興路(車),Member (成員),(租11401)和平西路與67巷口-5.往華興路一段(車),172.84,2020785041,25.057653,121.197654
Area-152,(租11401)和平西路與67巷口-4.往和平西路67巷(車),Center (中心點),(租11401)和平西路與67巷口-4.往和平西路67巷(車),0.0,2020785031,25.057898,121.197998
Area-152,(租11401)和平西路與67巷口-4.往和平西路67巷(車),Member (成員),(租11401)和平西路與67巷口-3.往中山南路(車),120.64,2020785021,25.058819,121.198631
Area-153,(租11401)中正東路、大園交流道東端-6.國道二號往西(車),Center (中心點),(租11401)中正東路、大園交流道東端-6.國道二號往西(車),0.0,2020786051,25.058845,121.214688
Area-153,(租11401)中正東路、大園交流道東端-6.國道二號往西(車),Member (成員),(租11401)中正東路、大園交流道東端-5.國道二號往西(車),121.02,2020786041,25.057965,121.215395
Area-154,(租11401)中正東路、大園交流道東端-4.往埔心里18鄰(車),Center (中心點),(租11401)中正東路、大園交流道東端-4.往埔心里18鄰(車),0.0,2020786031,25.05716,121.215627
Area-154,(租11401)中正東路、大園交流道東端-4.往埔心里18鄰(車),Member (成員),(租11401)中正東路、大園交流道東端-3.往埔心(車),62.99,2020786021,25.056955,121.21621
Area-155,(租11402)大竹南路與航青路(A16捷運站)-4.往中正東路(車),Center (中心點),(租11402)大竹南路與航青路(A16捷運站)-4.往中正東路(車),0.0,2021043031,25.036584,121.216445
Area-155,(租11402)大竹南路與航青路(A16捷運站)-4.往中正東路(車),Member (成員),(租11402)大竹南路與航青路(A16捷運站)-5.大竹南路往五福路內車道(車),105.1,2021043041,25.036036,121.217295
Area-155,(租11402)大竹南路與航青路(A16捷運站)-4.往中正東路(車),Member (成員),(租11402)大竹南路與航青路(A16捷運站)-6.大竹南路往五福路外車道(車),106.84,2021043051,25.036018,121.217302
Area-155,(租11402)大竹南路與航青路(A16捷運站)-4.往中正東路(車),Member (成員),(租11402)大竹南路與航青路(A16捷運站)-7.往領航北路四段(車),161.73,2021043061,25.035144,121.216671
Area-156,(租11401)華興路二段、田溪路口-2.往中山南路二段56巷(車),Center (中心點),(租11401)華興路二段、田溪路口-2.往中山南路二段56巷(車),0.0,2020332011,25.03227,121.202966
Area-156,(租11401)華興路二段、田溪路口-2.往中山南路二段56巷(車),Member (成員),(租11401)華興路二段、田溪路口-3.往和平西路(車),49.96,2020332021,25.032658,121.202716
Area-156,(租11401)華興路二段、田溪路口-2.往中山南路二段56巷(車),Member (成員),(租11401)華興路二段、田溪路口-4.往聖德北路(車),64.23,2020332031,25.032102,121.202356
Area-156,(租11401)華興路二段、田溪路口-2.往中山南路二段56巷(車),Member (成員),(租11401)華興路二段、田溪路口-5.往民權路(車),53.72,2020332041,25.031808,121.20281
Area-157,(租11402)聖德北路、柴梳崙路口-2.往大園(車),Center (中心點),(租11402)聖德北路、柴梳崙路口-2.往大園(車),0.0,2020389011,25.023957,121.194144
Area-157,(租11402)聖德北路、柴梳崙路口-2.往大園(車),Member (成員),(租11402)聖德北路、柴梳崙路口-3.往溪海路(車),95.73,2020389021,25.023628,121.193266
Area-157,(租11402)聖德北路、柴梳崙路口-2.往大園(車),Member (成員),(租11402)聖德北路、柴梳崙路口-4.往中壢(車),146.91,2020389031,25.022646,121.193963
Area-158,(租11401)中山南路二段、永園路二段路口-2.往春德路(車),Center (中心點),(租11401)中山南路二段、永園路二段路口-2.往春德路(車),0.0,2020306011,25.02037,121.212946
Area-158,(租11401)中山南路二段、永園路二段路口-2.往春德路(車),Member (成員),(租11401)中山南路二段、永園路二段路口-4.往領航北路三段(車),84.99,2020306031,25.020694,121.21371
Area-158,(租11401)中山南路二段、永園路二段路口-2.往春德路(車),Member (成員),(租11401)中山南路二段、永園路二段路口-3.往大竹南路(車),155.69,2020306021,25.021445,121.213936
Area-159,(租11401)高鐡北路三段與五福路口(2)-2.往領航北路四段外車道(車),Center (中心點),(租11401)高鐡北路三段與五福路口(2)-2.往領航北路四段外車道(車),0.0,2020328011,25.023507,121.225163
Area-159,(租11401)高鐡北路三段與五福路口(2)-2.往領航北路四段外車道(車),Member (成員),(租11401)高鐡北路三段與五福路口(2)-1.往領航北路四段內車道(車),8.61,2020328001,25.023555,121.22523
Area-159,(租11401)高鐡北路三段與五福路口(2)-2.往領航北路四段外車道(車),Member (成員),(租11401)高鐵北路三段與五福路口(1)-3.往中正路二段內車道(車),72.99,2020329021,25.023793,121.225815
Area-160,(租11402)和平路31巷口-6.往莒光路(車),Center (中心點),(租11402)和平路31巷口-6.往莒光路(車),0.0,2060508051,24.948898,121.222255
Area-160,(租11402)和平路31巷口-6.往莒光路(車),Member (成員),(租11402)和平路31巷口-5.往和平路14巷口(車),44.08,2060508041,24.949264,121.222423
Area-160,(租11402)和平路31巷口-6.往莒光路(車),Member (成員),(租11402)和平路31巷口-7.往金華街111巷(車),54.75,2060508061,24.948831,121.221717
Area-160,(租11402)和平路31巷口-6.往莒光路(車),Member (成員),(租11401)承德路、金華街36巷口-4.往金華街66巷(車),130.14,2060517031,24.94958,121.221206
Area-161,(租11401)承德路、金華街36巷口-5.往金華街54巷(車),Center (中心點),(租11401)承德路、金華街36巷口-5.往金華街54巷(車),0.0,2060517041,24.950193,121.220763
Area-161,(租11401)承德路、金華街36巷口-5.往金華街54巷(車),Member (成員),(租11401)德育路95巷、延平路一段37巷口-4.往延平路一段(車),67.21,2060491031,24.950776,121.220587
Area-161,(租11401)承德路、金華街36巷口-5.往金華街54巷(車),Member (成員),(租11401)德育路95巷、延平路一段37巷口-5.往延平路一段(車),137.69,2060491041,24.951133,121.219874
Area-161,(租11401)承德路、金華街36巷口-5.往金華街54巷(車),Member (成員),(租11401)承德路、金華街36巷口-6.往承德路(車),125.72,2060517051,24.950985,121.221653
Area-162,(租11402)永樂路23、35巷口-1.往永樂路35巷(車),Center (中心點),(租11402)永樂路23、35巷口-1.往永樂路35巷(車),0.0,2000869001,24.952686,121.222372
Area-162,(租11402)永樂路23、35巷口-1.往永樂路35巷(車),Member (成員),(租11402)永樂路23、35巷口-2.往永樂路23巷(車),37.29,2000869011,24.952942,121.222611
Area-162,(租11402)永樂路23、35巷口-1.往永樂路35巷(車),Member (成員),(租11402)建國路、中和路口-2.往中正路(車),138.64,2000176011,24.95335,121.223536
Area-162,(租11402)永樂路23、35巷口-1.往永樂路35巷(車),Member (成員),(租11402)建國路、中和路口-4.往延平路(車),145.63,2000176031,24.952778,121.223813
Area-163,(租11402)建國路、中和路口-3.往康樂路(車),Center (中心點),(租11402)建國路、中和路口-3.往康樂路(車),0.0,2000176021,24.953335,121.224266
Area-163,(租11402)建國路、中和路口-3.往康樂路(車),Member (成員),(租11402)中平路、和平街口-3.往建國路(車),192.88,2000974021,24.954524,121.225659
Area-164,(租11402)中平路、和平街口-2.往中山路(車),Center (中心點),(租11402)中平路、和平街口-2.往中山路(車),0.0,2000974011,24.954539,121.225778
Area-164,(租11402)中平路、和平街口-2.往中山路(車),Member (成員),(租11401)中壢火車站前-2.往元化街(車),47.82,2000109011,24.954481,121.226248
Area-164,(租11402)中平路、和平街口-2.往中山路(車),Member (成員),(租11401)中壢火車站前-3.往長江路(車),76.41,2000109021,24.954149,121.226402
Area-164,(租11402)中平路、和平街口-2.往中山路(車),Member (成員),(租11402)中山路、復興路口-5.往建國路(車),187.39,2000773041,24.955875,121.224645
Area-165,(租11401)中和路、長江路口-3.往火車站(車),Center (中心點),(租11401)中和路、長江路口-3.往火車站(車),0.0,2000154021,24.954736,121.227883
Area-165,(租11401)中和路、長江路口-3.往火車站(車),Member (成員),(租11401)中和路、長江路口-4.往元化路(車),80.5,2000154031,24.955458,121.227941
Area-165,(租11401)中和路、長江路口-3.往火車站(車),Member (成員),(租11401)新興路、中新地下道口-4.往中壢後站(車),131.03,2000128031,24.954175,121.229026
Area-165,(租11401)中和路、長江路口-3.往火車站(車),Member (成員),(租11401)新興路、中新地下道口-3.往東明街(車),146.97,2000128021,24.954145,121.229187
Area-165,(租11401)中和路、長江路口-3.往火車站(車),Member (成員),(租11401)新興路、中新地下道口-2.往新興北街(車),168.55,2000128011,24.954372,121.229506
Area-166,(租11401)中北路二段、東明街口-2.往中北橋(車),Center (中心點),(租11401)中北路二段、東明街口-2.往中北橋(車),0.0,2000100011,24.953135,121.229427
Area-166,(租11401)中北路二段、東明街口-2.往中北橋(車),Member (成員),(租11401)中北路二段、東明街口-3.往健行路(車),20.18,2000100021,24.953098,121.229231
Area-167,(租11402)中山路、復興路口-3.往延平路(車),Center (中心點),(租11402)中山路、復興路口-3.往延平路(車),0.0,2000773021,24.95599,121.224353
Area-167,(租11402)中山路、復興路口-3.往延平路(車),Member (成員),(租11402)中山路、復興路口-4.往中央東路(車),100.55,2000773031,24.956752,121.22489
Area-168,(租11402)中山路、大同路口-4.往延平路(車),Center (中心點),(租11402)中山路、大同路口-4.往延平路(車),0.0,2000772031,24.956849,121.222204
Area-168,(租11402)中山路、大同路口-4.往延平路(車),Member (成員),(租11402)中山路、大同路口-5.往中正路(車),25.18,2000772041,24.956822,121.221956
Area-168,(租11402)中山路、大同路口-4.往延平路(車),Member (成員),(租11402)中山路、大同路口-3.往中平路(車),28.56,2000772021,24.956955,121.221946
